-- phpMyAdmin SQL Dump
-- version 4.9.2
-- https://www.phpmyadmin.net/
--
-- Host: 127.0.0.1:3306
-- Generation Time: Jul 09, 2021 at 07:39 AM
-- Server version: 10.4.10-MariaDB
-- PHP Version: 7.3.12

SET SQL_MODE = "NO_AUTO_VALUE_ON_ZERO";
SET AUTOCOMMIT = 0;
START TRANSACTION;
SET time_zone = "+00:00";


/*!40101 SET @OLD_CHARACTER_SET_CLIENT=@@CHARACTER_SET_CLIENT */;
/*!40101 SET @OLD_CHARACTER_SET_RESULTS=@@CHARACTER_SET_RESULTS */;
/*!40101 SET @OLD_COLLATION_CONNECTION=@@COLLATION_CONNECTION */;
/*!40101 SET NAMES utf8mb4 */;

--
-- Database: `studentrecords`
--

-- --------------------------------------------------------

--
-- Table structure for table `admins`
--

DROP TABLE IF EXISTS `admins`;
CREATE TABLE IF NOT EXISTS `admins` (
  `adminId` varchar(20) NOT NULL,
  `fname` varchar(30) DEFAULT NULL,
  `mname` varchar(30) DEFAULT NULL,
  `lname` varchar(30) DEFAULT NULL,
  `title` varchar(5) DEFAULT NULL,
  `gender` varchar(5) DEFAULT NULL,
  `birthDate` date DEFAULT NULL,
  `maritalStatus` varchar(10) DEFAULT NULL,
  `children` int(2) DEFAULT NULL,
  `employmentStatus` varchar(9) DEFAULT NULL,
  `employmentDate` date DEFAULT NULL,
  `unemploymentDate` date DEFAULT NULL,
  `branchNum` int(3) DEFAULT NULL,
  `role` varchar(20) DEFAULT NULL,
  `nation` varchar(50) NOT NULL DEFAULT 'null',
  `district` varchar(50) NOT NULL DEFAULT 'null',
  `county` varchar(50) NOT NULL DEFAULT 'null',
  `subCounty` varchar(50) NOT NULL DEFAULT 'null',
  `parish` varchar(50) NOT NULL DEFAULT 'null',
  `village` varchar(50) NOT NULL DEFAULT 'null',
  `phoneAddress1` varchar(15) DEFAULT NULL,
  `phoneAddress2` varchar(15) DEFAULT NULL,
  `emailAddress` varchar(100) DEFAULT NULL,
  `updateTimestamp` datetime DEFAULT current_timestamp(),
  `updatedBy` char(17) DEFAULT 'Admin',
  `departCode` varchar(6) DEFAULT NULL,
  `user` varchar(60) DEFAULT 'user',
  `passwords` varchar(25) DEFAULT 'passw',
  PRIMARY KEY (`adminId`),
  KEY `branchNum` (`branchNum`),
  KEY `departCode` (`departCode`)
) ENGINE=MyISAM AUTO_INCREMENT=12 DEFAULT CHARSET=latin1;

--
-- Dumping data for table `admins`
--

INSERT INTO `admins` (`adminId`, `fname`, `mname`, `lname`, `title`, `gender`, `birthDate`, `maritalStatus`, `children`, `employmentStatus`, `employmentDate`, `unemploymentDate`, `branchNum`, `role`, `nation`, `district`, `county`, `subCounty`, `parish`, `village`, `phoneAddress1`, `phoneAddress2`, `emailAddress`, `updateTimestamp`, `updatedBy`, `departCode`, `user`, `passwords`) VALUES
('PTCM202001', 'Labu', '', 'Alfred', 'Rev.', 'M', NULL, NULL, NULL, 'A', NULL, NULL, 1, NULL, 'null', 'null', 'null', 'null', 'null', 'null', NULL, NULL, NULL, '2019-11-22 12:25:01', 'ihs', 'DT', 'user', 'passw'),
('PTCM202002', 'Erisania', '', 'Ogulu', NULL, 'U', NULL, NULL, NULL, 'A', NULL, NULL, 1, NULL, 'null', 'null', 'null', 'null', 'null', 'null', NULL, NULL, NULL, NULL, NULL, 'DT', 'user', 'passw'),
('PTCM202003', 'Francis', '', 'Wamukoota', NULL, 'U', NULL, NULL, NULL, 'A', NULL, NULL, 1, NULL, 'null', 'null', 'null', 'null', 'null', 'null', NULL, NULL, NULL, NULL, NULL, 'DT', 'user', 'passw'),
('PTCM202004', 'Michael', '', 'Nangai', NULL, 'U', NULL, NULL, NULL, 'A', NULL, NULL, 1, NULL, 'null', 'null', 'null', 'null', 'null', 'null', NULL, NULL, NULL, NULL, NULL, 'DT', 'user', 'passw'),
('PTCF202005', 'Irene', '', 'Mirembe', NULL, 'U', NULL, NULL, NULL, 'A', NULL, NULL, 1, NULL, 'null', 'null', 'null', 'null', 'null', 'null', NULL, NULL, NULL, NULL, NULL, 'DT', 'user', 'passw'),
('PTCM202006', 'Adapakin', '', 'Peter', 'Rev.', 'M', NULL, NULL, NULL, 'A', NULL, NULL, 1, NULL, 'null', 'null', 'null', 'null', 'null', 'null', NULL, NULL, NULL, '2019-11-28 12:47:47', 'ihs', 'DT', 'user', 'passw'),
('PTCM202007', 'Khawanga', '', 'Martin', 'Pr.', 'U', NULL, NULL, NULL, 'A', NULL, NULL, 1, NULL, 'null', 'null', 'null', 'null', 'null', 'null', NULL, NULL, NULL, '2019-12-03 12:13:22', 'ihs', 'DT', 'user', 'passw'),
('PTCF202007', 'Iroku', '', 'Priscila', NULL, 'F', NULL, NULL, NULL, 'A', NULL, NULL, 1, NULL, 'null', 'null', 'null', 'null', 'null', 'null', NULL, NULL, NULL, '2020-03-05 15:11:42', 'ihs', 'DT', 'user', 'passw'),
('PTCM202008', 'Wanzila', '', 'Ronny', NULL, 'U', NULL, NULL, NULL, 'A', NULL, NULL, 1, NULL, 'null', 'null', 'null', 'null', 'null', 'null', NULL, NULL, NULL, NULL, NULL, 'DT', 'user', 'passw'),
('PTCM202009', 'Mutto', '', 'Andrew', NULL, 'M', NULL, NULL, NULL, 'A', NULL, NULL, 1, NULL, 'null', 'null', 'null', 'null', 'null', 'null', NULL, NULL, NULL, '2020-08-11 14:18:41', 'ihs', 'DT', 'user', 'passw'),
('sdsdsd', 'sdsd', NULL, 'sdsd', 'Mr.', 'Male', NULL, 'Married', NULL, NULL, NULL, NULL, 1, NULL, 'null', 'null', 'null', 'null', 'null', 'null', NULL, NULL, NULL, '2021-07-09 10:35:22', NULL, 'DT', 'user', NULL);

-- --------------------------------------------------------

--
-- Table structure for table `branches`
--

DROP TABLE IF EXISTS `branches`;
CREATE TABLE IF NOT EXISTS `branches` (
  `branchNum` int(2) NOT NULL,
  `branchName` varchar(30) DEFAULT NULL,
  PRIMARY KEY (`branchNum`)
) ENGINE=MyISAM DEFAULT CHARSET=latin1;

--
-- Dumping data for table `branches`
--

INSERT INTO `branches` (`branchNum`, `branchName`) VALUES
(1, 'Mbale'),
(2, 'Soroti');

-- --------------------------------------------------------

--
-- Table structure for table `classawards`
--

DROP TABLE IF EXISTS `classawards`;
CREATE TABLE IF NOT EXISTS `classawards` (
  `classCode` varchar(3) NOT NULL,
  `className` varchar(100) DEFAULT NULL,
  `classScore` int(3) DEFAULT NULL,
  `updateTimestamp` datetime DEFAULT current_timestamp(),
  `adminId` varchar(17) DEFAULT 'not applicable',
  PRIMARY KEY (`classCode`),
  KEY `adminId` (`adminId`)
) ENGINE=MyISAM DEFAULT CHARSET=latin1;

-- --------------------------------------------------------

--
-- Table structure for table `courses`
--

DROP TABLE IF EXISTS `courses`;
CREATE TABLE IF NOT EXISTS `courses` (
  `courseCode` varchar(10) NOT NULL,
  `courseName` varchar(100) DEFAULT NULL,
  `description` varchar(200) DEFAULT NULL,
  `departCode` varchar(6) NOT NULL,
  `updateTimestamp` datetime DEFAULT current_timestamp(),
  `adminId` varchar(17) DEFAULT 'not applicable',
  PRIMARY KEY (`courseCode`),
  KEY `adminId` (`adminId`),
  KEY `departCode` (`departCode`)
) ENGINE=MyISAM DEFAULT CHARSET=latin1;

--
-- Dumping data for table `courses`
--

INSERT INTO `courses` (`courseCode`, `courseName`, `description`, `departCode`, `updateTimestamp`, `adminId`) VALUES
('DBT', 'Diploma in BIBLE  Theology', '', 'DT', '2020-10-29 01:28:29', 'not applicable'),
('CIT', 'Certificate Information Techology', '', 'DCT', '2020-10-29 01:28:29', 'not applicable'),
('CCM', 'Certificate in Church Ministry', '', 'DT', '2020-10-29 01:28:33', 'not applicable'),
('dfdf', 'dfdfdf', 'dfdfdf', 'ght', '2021-06-10 16:29:23', 'not applicable'),
('dfd', 'dfdfdf', NULL, 'ght', '2021-06-10 16:29:44', 'not applicable'),
('xxcxc', 'xcxcx', 'xcxcxcxc', 'ght', '2021-06-10 16:40:04', 'not applicable'),
('sdsd', 'sdsd', 'sdsds', 'ssdsd', '2021-06-10 16:45:33', 'not applicable');

-- --------------------------------------------------------

--
-- Table structure for table `courseunitallocations`
--

DROP TABLE IF EXISTS `courseunitallocations`;
CREATE TABLE IF NOT EXISTS `courseunitallocations` (
  `allocationNum` int(4) NOT NULL AUTO_INCREMENT,
  `IntakeDate` date DEFAULT NULL,
  `semesterNum` int(3) DEFAULT NULL,
  `courseCode` varchar(6) DEFAULT NULL,
  `courseUnitCode` varchar(10) DEFAULT NULL,
  `adminId` varchar(17) DEFAULT 'Admin',
  `notes` varchar(200) DEFAULT NULL,
  `updateTimestamp` datetime DEFAULT current_timestamp(),
  `updatedBy` varchar(17) DEFAULT 'Admin',
  `semesterDateCode` varchar(12) DEFAULT NULL,
  `branchNum` int(2) DEFAULT NULL,
  PRIMARY KEY (`allocationNum`),
  KEY `courseCode` (`courseCode`),
  KEY `semesterDateCode` (`semesterDateCode`),
  KEY `branchNum` (`branchNum`)
) ENGINE=MyISAM AUTO_INCREMENT=342 DEFAULT CHARSET=latin1;

--
-- Dumping data for table `courseunitallocations`
--

INSERT INTO `courseunitallocations` (`allocationNum`, `IntakeDate`, `semesterNum`, `courseCode`, `courseUnitCode`, `adminId`, `notes`, `updateTimestamp`, `updatedBy`, `semesterDateCode`, `branchNum`) VALUES
(171, '2018-05-07', 1, 'DBT', 'DBT1106', 'PTCM202003', NULL, '2020-10-28 14:58:12', 'Admin', '201805071ful', NULL),
(172, '2018-05-07', 3, 'DBT', 'DBT2105', 'PTCM202003', NULL, '2020-10-28 14:58:12', 'Admin', '201805073ful', NULL),
(173, '2018-08-06', 1, 'CCM', 'CCM1102', 'PTCM202002', NULL, '2020-10-28 14:58:12', 'Admin', '201808061ful', NULL),
(174, '2018-05-07', 1, 'CCM', 'CCM1102', 'PTCM202002', NULL, '2020-10-28 14:58:12', 'Admin', '201805071ful', NULL),
(175, '2018-05-07', 1, 'CCM', 'CCM1104', 'PTCM202004', NULL, '2020-10-28 14:58:12', 'Admin', '201805071ful', NULL),
(176, '2018-08-06', 1, 'CCM', 'CCM1104', 'PTCM202004', NULL, '2020-10-28 14:58:12', 'Admin', '201808061ful', NULL),
(178, '2018-05-07', 1, 'DBT', 'DBT1101', 'PTCM202001', NULL, '2020-10-28 14:58:12', 'Admin', '201805071ful', NULL),
(179, '2018-05-07', 1, 'DBT', 'DBT1103', 'PTCM202003', NULL, '2020-10-28 14:58:12', 'Admin', '201805071ful', NULL),
(180, '2018-08-06', 2, 'CCM', 'CCM1201', 'PTCM202001', NULL, '2020-10-28 14:58:12', 'Admin', '201808062ful', NULL),
(181, '2018-05-07', 1, 'CCM', 'CCM1104', '', NULL, '2020-10-28 14:58:12', 'Admin', '201805071ful', NULL),
(183, '2018-05-07', 3, 'DBT', 'DBT2103', 'PTCM202003', NULL, '2020-10-28 14:58:12', 'Admin', '201805073ful', NULL),
(184, '2018-05-07', 3, 'DBT', 'DBT2101', 'PTCM202004', NULL, '2020-10-28 14:58:12', 'Admin', '201805073ful', NULL),
(186, '2018-08-06', 2, 'CCM', 'CCM1203', 'PTCM202001', NULL, '2020-10-28 14:58:12', 'Admin', '201808062ful', NULL),
(187, '2018-05-07', 1, 'CCM', 'CCM1203', '', NULL, '2020-10-28 14:58:12', 'Admin', '201805071ful', NULL),
(188, '2018-05-07', 1, 'CCM', 'CCM1106', '', NULL, '2020-10-28 14:58:12', 'Admin', '201805071ful', NULL),
(190, '2018-08-06', 2, 'CCM', 'CCM1205', 'PTCM202007', NULL, '2020-10-28 14:58:12', 'Admin', '201808062ful', NULL),
(191, '2018-08-06', 2, 'CCM', 'CCM1206', 'PTCM202003', NULL, '2020-10-28 14:58:12', 'Admin', '201808062ful', NULL),
(192, '2018-08-06', 2, 'CCM', 'CCM1206', 'PTCM202004', NULL, '2020-10-28 14:58:12', 'Admin', '201808062ful', NULL),
(193, '2018-08-06', 3, 'DBT', 'DBT2102', 'PTCM202003', NULL, '2020-10-28 14:58:12', 'Admin', '201808063ful', NULL),
(194, '2018-08-06', 3, 'DBT', 'DBT2104', 'PTCM202002', NULL, '2020-10-28 14:58:12', 'Admin', '201808063ful', NULL),
(195, '2018-08-06', 1, 'DBT', 'DBT1101', 'PTCM202001', NULL, '2020-10-28 14:58:12', 'Admin', '201808061ful', NULL),
(196, '2018-05-07', 4, 'DBT', 'DBT2201', 'PTCM202002', NULL, '2020-10-28 14:58:12', 'Admin', '201805074ful', NULL),
(197, '2018-05-07', 4, 'DBT', 'DBT2203', 'PTCM202001', NULL, '2020-10-28 14:58:12', 'Admin', '201805074ful', NULL),
(198, '2018-05-07', 4, 'DBT', 'DBT2205', 'PTCM202001', NULL, '2020-10-28 14:58:12', 'Admin', '201805074ful', NULL),
(199, '2018-05-07', 1, 'CCM', 'CCM1103', '', NULL, '2020-10-28 14:58:12', 'Admin', '201805071ful', NULL),
(200, '2018-08-06', 1, 'DBT', 'DBT1103', 'PTCM202003', NULL, '2020-10-28 14:58:12', 'Admin', '201808061ful', NULL),
(201, '2018-08-06', 1, 'DBT', 'DBT1106', 'PTCM202003', NULL, '2020-10-28 14:58:12', 'Admin', '201808061ful', NULL),
(202, '2018-08-06', 2, 'DBT', 'DBT1204', 'PTCM202003', NULL, '2020-10-28 14:58:12', 'Admin', '201808062ful', NULL),
(203, '2018-08-06', 1, 'DBT', 'ICT1101', 'PTCF202005', NULL, '2020-10-28 14:58:12', 'Admin', '201808061ful', NULL),
(205, '2018-05-07', 1, 'CCM', 'CCM1203', 'PTCM202001', NULL, '2020-10-28 14:58:12', 'Admin', '201805071ful', NULL),
(206, '2018-05-07', 1, 'CCM', 'CCM1103', 'PTCM202003', NULL, '2020-10-28 14:58:12', 'Admin', '201805071ful', NULL),
(207, '2018-05-07', 1, 'CCM', 'CCM1106', 'PTCM202003', NULL, '2020-10-28 14:58:12', 'Admin', '201805071ful', NULL),
(208, '2018-05-07', 1, 'DBT', 'DBT1102', 'PTCM202002', NULL, '2020-10-28 14:58:12', 'Admin', '201805071ful', NULL),
(209, '2018-05-07', 1, 'DBT', 'DBT1104', 'PTCM202004', NULL, '2020-10-28 14:58:12', 'Admin', '201805071ful', NULL),
(211, '2018-08-06', 2, 'DBT', 'DBT1206', 'PTCM202004', NULL, '2020-10-28 14:58:12', 'Admin', '201808062ful', NULL),
(212, '2019-01-07', 2, 'CCM', 'CCM1206', 'PTCM202004', NULL, '2020-10-28 14:58:12', 'Admin', '201901072ful', NULL),
(213, '2018-08-06', 4, 'DBT', 'DBT2202', 'PTCM202001', NULL, '2020-10-28 14:58:12', 'Admin', '201808064ful', NULL),
(214, '2018-08-06', 3, 'DBT', 'DBT2106', 'PTCM202004', NULL, '2020-10-28 14:58:12', 'Admin', '201808063ful', NULL),
(215, '2018-05-07', 2, 'DBT', 'DBT1201', 'PTCM202004', NULL, '2020-10-28 14:58:12', 'Admin', '201805072ful', NULL),
(216, '2018-05-07', 2, 'DBT', 'DBT1203', 'PTCM202001', NULL, '2020-10-28 14:58:12', 'Admin', '201805072ful', NULL),
(217, '2018-05-07', 2, 'CCM', 'CCM1206', 'PTCM202004', NULL, '2020-10-28 14:58:12', 'Admin', '201805072ful', NULL),
(218, '2018-05-07', 2, 'DBT', 'DBT1204', 'PTCM202003', NULL, '2020-10-28 14:58:12', 'Admin', '201805072ful', NULL),
(219, '2018-05-07', 2, 'DBT', 'DBT1205', 'PTCM202007', NULL, '2020-10-28 14:58:12', 'Admin', '201805072ful', NULL),
(220, '2018-08-06', 1, 'CCM', 'CCM1203', 'PTCM202001', NULL, '2020-10-28 14:58:12', 'Admin', '201808061ful', NULL),
(221, '2018-08-06', 1, 'CCM', 'CCM1103', 'PTCM202003', NULL, '2020-10-28 14:58:12', 'Admin', '201808061ful', NULL),
(222, '2018-08-06', 1, 'CCM', 'CCM1106', 'PTCM202003', NULL, '2020-10-28 14:58:12', 'Admin', '201808061ful', NULL),
(223, '2018-08-06', 2, 'CCM', 'CCM1202', 'PTCM202004', NULL, '2020-10-28 14:58:12', 'Admin', '201808062ful', NULL),
(224, '2018-08-06', 2, 'CCM', 'CCM1204', 'PTCM202003', NULL, '2020-10-28 14:58:12', 'Admin', '201808062ful', NULL),
(225, '2018-05-07', 2, 'DBT', 'DBT1206', 'PTCM202004', NULL, '2020-10-28 14:58:12', 'Admin', '201805072ful', NULL),
(226, '2018-05-07', 1, 'CCM', 'CCM1102', '', NULL, '2020-10-28 14:58:12', 'Admin', '201805071ful', NULL),
(227, '2018-05-07', 3, 'DBT', 'DBT2106', 'PTCM202004', NULL, '2020-10-28 14:58:12', 'Admin', '201805073ful', NULL),
(228, '2018-05-07', 3, 'DBT', 'DBT2104', 'PTCM202002', NULL, '2020-10-28 14:58:12', 'Admin', '201805073ful', NULL),
(229, '2018-05-07', 4, 'DBT', 'DBT2202', 'PTCM202001', NULL, '2020-10-28 14:58:12', 'Admin', '201805074ful', NULL),
(231, '2018-05-07', 3, 'DBT', 'DBT2102', 'PTCM202003', NULL, '2020-10-28 14:58:12', 'Admin', '201805073ful', NULL),
(232, '2018-05-07', 4, 'DBT', 'DBT2204', 'PTCF202007', NULL, '2020-10-28 14:58:12', 'Admin', '201805074ful', NULL),
(233, '2018-08-06', 1, 'CCM', 'CCM1206', 'PTCM202003', NULL, '2020-10-28 14:58:12', 'Admin', '201808061ful', NULL),
(234, '2018-08-06', 1, 'CIT', 'CIT1101', 'PTCF202005', NULL, '2020-10-28 14:58:12', 'Admin', '201808061ful', NULL),
(235, '2018-08-06', 1, 'DBT', 'DBT1102', 'PTCM202002', NULL, '2020-10-28 14:58:12', 'Admin', '201808061ful', NULL),
(236, '2018-08-06', 1, 'DBT', 'DBT1104', 'PTCM202004', NULL, '2020-10-28 14:58:12', 'Admin', '201808061ful', NULL),
(238, '2018-08-06', 2, 'DBT', 'DBT1205', 'PTCM202007', NULL, '2020-10-28 14:58:12', 'Admin', '201808062ful', NULL),
(239, '2018-05-07', 1, 'DBT', 'ICT1101', '', NULL, '2020-10-28 14:58:12', 'Admin', '201805071ful', NULL),
(240, '2018-08-06', 2, 'DBT', 'DBT1201', 'PTCM202001', NULL, '2020-10-28 14:58:12', 'Admin', '201808062ful', NULL),
(241, '2018-08-06', 2, 'DBT', 'DBT1203', 'PTCM202001', NULL, '2020-10-28 14:58:12', 'Admin', '201808062ful', NULL),
(243, '2018-08-06', 3, 'DBT', 'DBT2101', 'PTCM202004', NULL, '2020-10-28 14:58:12', 'Admin', '201808063ful', NULL),
(244, '2018-08-06', 3, 'DBT', 'DBT2103', 'PTCM202003', NULL, '2020-10-28 14:58:12', 'Admin', '201808063ful', NULL),
(245, '2018-08-06', 3, 'DBT', 'DBT2105', 'PTCM202003', NULL, '2020-10-28 14:58:12', 'Admin', '201808063ful', NULL),
(246, '2019-05-06', 1, 'DBT', 'DBT1106', 'PTCM202002', NULL, '2020-10-28 14:58:12', 'Admin', '201905061ful', NULL),
(247, '2019-05-06', 1, 'DBT', 'DBT1103', 'PTCM202003', NULL, '2020-10-28 14:58:12', 'Admin', '201905061ful', NULL),
(248, '2018-08-06', 4, 'DBT', 'DBT2201', 'PTCM202002', NULL, '2020-10-28 14:58:12', 'Admin', '201808064ful', NULL),
(249, '2018-08-06', 4, 'DBT', 'DBT2203', '', NULL, '2020-10-28 14:58:12', 'Admin', '201808064ful', NULL),
(250, '2018-08-06', 4, 'DBT', 'DBT2204', 'PTCF202007', NULL, '2020-10-28 14:58:12', 'Admin', '201808064ful', NULL),
(251, '2018-08-06', 4, 'DBT', 'DBT2205', 'PTCM202001', NULL, '2020-10-28 14:58:12', 'Admin', '201808064ful', NULL),
(252, '2019-05-06', 1, 'DBT', 'DBT1101', 'PTCM202001', NULL, '2020-10-28 14:58:12', 'Admin', '201905061ful', NULL),
(253, '2019-05-06', 1, 'CCM', 'CCM1106', 'PTCM202002', NULL, '2020-10-28 14:58:12', 'Admin', '201905061ful', NULL),
(254, '2019-08-05', 1, 'DBT', 'ICT1101', 'PTCM202008', NULL, '2020-10-28 14:58:12', 'Admin', '201908051ful', NULL),
(255, '2019-08-05', 2, 'DBT', 'DBT1104', 'PTCM202004', NULL, '2020-10-28 14:58:12', 'Admin', '201908052ful', NULL),
(256, '2019-08-05', 1, 'DBT', 'DBT1102', 'PTCM202009', NULL, '2020-10-28 14:58:12', 'Admin', '201908051ful', NULL),
(257, '2019-08-05', 1, 'CIT', 'CIT1101', 'PTCM202008', NULL, '2020-10-28 14:58:12', 'Admin', '201908051ful', NULL),
(258, '2019-08-05', 1, 'CCM', 'CCM1104', 'PTCM202004', NULL, '2020-10-28 14:58:12', 'Admin', '201908051ful', NULL),
(259, '2019-08-05', 1, 'CCM', 'CCM1102', 'PTCM202009', NULL, '2020-10-28 14:58:12', 'Admin', '201908051ful', NULL),
(260, '2019-05-06', 1, 'CCM', 'CCM1103', 'PTCM202003', NULL, '2020-10-28 14:58:12', 'Admin', '201905061ful', NULL),
(261, '2019-01-07', 1, 'CCM', 'CCM1104', 'PTCM202004', NULL, '2020-10-28 14:58:12', 'Admin', '201901071ful', NULL),
(262, '2019-01-07', 1, 'CCM', 'CCM1102', 'PTCM202009', NULL, '2020-10-28 14:58:12', 'Admin', '201901071ful', NULL),
(263, '2020-01-06', 1, 'CCM', 'CCM1203', 'PTCM202001', NULL, '2020-10-28 14:58:12', 'Admin', NULL, NULL),
(264, '2019-08-05', 1, 'DBT', 'DBT1106', 'PTCM202002', NULL, '2020-10-28 14:58:12', 'Admin', '201908051ful', NULL),
(265, '2020-01-06', 1, 'CCM', 'CCM1103', 'PTCM202003', NULL, '2020-10-28 14:58:12', 'Admin', NULL, NULL),
(266, '2020-01-06', 1, 'CCM', 'CCM1106', 'PTCM202002', NULL, '2020-10-28 14:58:12', 'Admin', NULL, NULL),
(267, '2019-01-07', 1, 'CIT', 'CIT1101', 'PTCM202008', NULL, '2020-10-28 14:58:12', 'Admin', '201901071ful', NULL),
(268, '2019-01-07', 1, 'DBT', 'DBT1102', 'PTCM202009', NULL, '2020-10-28 14:58:12', 'Admin', '201901071ful', NULL),
(269, '2020-01-06', 1, 'DBT', 'DBT1101', 'PTCM202001', NULL, '2020-10-28 14:58:12', 'Admin', NULL, NULL),
(270, '2020-01-06', 1, 'DBT', 'DBT1103', 'PTCM202003', NULL, '2020-10-28 14:58:12', 'Admin', NULL, NULL),
(271, '2020-01-06', 2, 'DBT', 'DBT1106', 'PTCM202002', NULL, '2020-10-28 14:58:12', 'Admin', NULL, NULL),
(272, '2019-01-07', 1, 'DBT', 'DBT1104', 'PTCM202004', NULL, '2020-10-28 14:58:12', 'Admin', '201901071ful', NULL),
(273, '2019-05-06', 1, 'DBT', 'DBT1104', 'PTCM202004', NULL, '2020-10-28 14:58:12', 'Admin', '201905061ful', NULL),
(274, '2019-01-07', 2, 'CCM', 'CCM1206', 'PTCM202004', NULL, '2020-10-28 14:58:12', 'Admin', '201901072ful', NULL),
(275, '2019-08-05', 1, 'DBT', 'DBT1103', 'PTCM202003', NULL, '2020-10-28 14:58:12', 'Admin', '201908051ful', NULL),
(276, '2019-08-05', 1, 'DBT', 'DBT1101', 'PTCM202001', NULL, '2020-10-28 14:58:12', 'Admin', '201908051ful', NULL),
(277, '2019-01-07', 2, 'DBT', 'DBT1204', 'PTCM202009', NULL, '2020-10-28 14:58:12', 'Admin', '201901072ful', NULL),
(278, '2019-05-06', 1, 'DBT', 'DBT1102', 'PTCM202009', NULL, '2020-10-28 14:58:12', 'Admin', '201905061ful', NULL),
(279, '2019-08-05', 1, 'CCM', 'CCM1106', 'PTCM202002', NULL, '2020-10-28 14:58:12', 'Admin', '201908051ful', NULL),
(280, '2019-08-05', 1, 'CCM', 'CCM1103', 'PTCM202003', NULL, '2020-10-28 14:58:12', 'Admin', '201908051ful', NULL),
(281, '2019-05-06', 1, 'CIT', 'CIT1101', 'PTCM202008', NULL, '2020-10-28 14:58:12', 'Admin', '201905061ful', NULL),
(282, '2019-08-05', 1, 'CCM', 'CCM1203', 'PTCM202001', NULL, '2020-10-28 14:58:12', 'Admin', '201908051ful', NULL),
(283, '2020-01-06', 1, 'CCM', 'CCM1102', 'PTCM202009', NULL, '2020-10-28 14:58:12', 'Admin', NULL, NULL),
(284, '2020-01-06', 1, 'CCM', 'CCM1203', 'PTCM202001', NULL, '2020-10-28 14:58:12', 'Admin', NULL, NULL),
(285, '2019-05-06', 1, 'CCM', 'CCM1104', 'PTCM202004', NULL, '2020-10-28 14:58:12', 'Admin', '201905061ful', NULL),
(286, '2019-05-06', 1, 'CCM', 'CCM1102', 'PTCM202009', NULL, '2020-10-28 14:58:12', 'Admin', '201905061ful', NULL),
(287, '2019-05-06', 1, 'CCM', 'CCM1203', 'PTCM202001', NULL, '2020-10-28 14:58:12', 'Admin', '201905061ful', NULL),
(288, '2019-01-07', 1, 'CIT', 'CIT1104', 'PTCM202008', NULL, '2020-10-28 14:58:12', 'Admin', '201901071ful', NULL),
(289, '2020-01-06', 1, 'CCM', 'CCM1104', 'PTCM202004', NULL, '2020-10-28 14:58:12', 'Admin', NULL, NULL),
(290, '2020-01-06', 1, 'CIT', 'CIT1101', 'PTCM202008', NULL, '2020-10-28 14:58:12', 'Admin', NULL, NULL),
(291, '2020-01-06', 1, 'DBT', 'DBT1102', 'PTCM202009', NULL, '2020-10-28 14:58:12', 'Admin', NULL, NULL),
(292, '2020-01-06', 1, 'DBT', 'DBT1104', 'PTCM202004', NULL, '2020-10-28 14:58:12', 'Admin', NULL, NULL),
(293, '2020-01-06', 1, 'DBT', 'ICT1101', 'PTCM202008', NULL, '2020-10-28 14:58:12', 'Admin', NULL, NULL),
(294, '2019-01-07', 1, 'CCM', 'CCM1106', 'PTCM202002', NULL, '2020-10-28 14:58:12', 'Admin', '201901071ful', NULL),
(295, '2019-01-07', 1, 'CCM', 'CCM1103', 'PTCM202003', NULL, '2020-10-28 14:58:12', 'Admin', '201901071ful', NULL),
(296, '2019-01-07', 1, 'CCM', 'CCM1203', 'PTCM202001', NULL, '2020-10-28 14:58:12', 'Admin', '201901071ful', NULL),
(297, '2019-01-07', 1, 'DBT', 'DBT1101', 'PTCM202001', NULL, '2020-10-28 14:58:12', 'Admin', '201901071ful', NULL),
(298, '2019-01-07', 1, 'DBT', 'DBT1103', 'PTCM202003', NULL, '2020-10-28 14:58:12', 'Admin', '201901071ful', NULL),
(299, '2019-01-07', 1, 'DBT', 'DBT1106', 'PTCM202002', NULL, '2020-10-28 14:58:12', 'Admin', '201901071ful', NULL),
(300, '2019-01-07', 1, 'CIT', 'CIT1207', 'PTCM202001', NULL, '2020-10-28 14:58:12', 'Admin', '201901071ful', NULL),
(301, '2019-01-07', 1, 'CIT', 'CIT1202', 'PTCF202005', NULL, '2020-10-28 14:58:12', 'Admin', '201901071ful', NULL),
(302, '2019-01-07', 1, 'CIT', 'CIT1103', 'PTCF202005', NULL, '2020-10-28 14:58:12', 'Admin', '201901071ful', NULL),
(303, '2019-01-07', 1, 'CIT', 'CIT1204', 'PTCM202008', NULL, '2020-10-28 14:58:12', 'Admin', '201901071ful', NULL),
(304, '2019-01-07', 1, 'CCM', 'CCM1201', 'PTCM202001', NULL, '2020-10-28 14:58:12', 'Admin', '201901071ful', NULL),
(305, '2019-01-07', 2, 'DBT', 'DBT1201', 'PTCM202001', NULL, '2020-10-28 14:58:12', 'Admin', '201901072ful', NULL),
(306, '2019-01-07', 2, 'DBT', 'DBT1203', 'PTCM202001', NULL, '2020-10-28 14:58:12', 'Admin', '201901072ful', NULL),
(307, '2019-01-07', 2, 'DBT', 'DBT1205', 'PTCM202003', NULL, '2020-10-28 14:58:12', 'Admin', '201901072ful', NULL),
(308, '2019-01-07', 1, 'CIT', 'CIT1101', 'PTCF202005', NULL, '2020-10-28 14:58:12', 'Admin', '201901071ful', NULL),
(309, '2019-01-07', 1, 'CIT', 'CIT1206', 'PTCM202004', NULL, '2020-10-28 14:58:12', 'Admin', '201901071ful', NULL),
(310, '2019-01-07', 1, 'CIT', 'CIT1203', 'PTCM202008', NULL, '2020-10-28 14:58:12', 'Admin', '201901071ful', NULL),
(311, '2019-01-07', 1, 'CIT', 'CIT1205', 'PTCM202008', NULL, '2020-10-28 14:58:12', 'Admin', '201901071ful', NULL),
(312, '2019-01-07', 1, 'CIT', 'CIT1105', 'PTCM202008', NULL, '2020-10-28 14:58:12', 'Admin', '201901071ful', NULL),
(313, '2019-01-07', 1, 'CCM', 'CCM1203', 'PTCM202001', NULL, '2020-10-28 14:58:12', 'Admin', '201901071ful', NULL),
(314, '2019-01-07', 2, 'CCM', 'CCM1205', 'PTCM202009', NULL, '2020-10-28 14:58:12', 'Admin', '201901072ful', NULL),
(315, '2019-01-07', 2, 'CCM', 'CCM1204', 'PTCM202003', NULL, '2020-10-28 14:58:12', 'Admin', '201901072ful', NULL),
(316, '2019-01-07', 2, 'CCM', 'CCM1203', 'PTCM202001', NULL, '2020-10-28 14:58:12', 'Admin', '201901072ful', NULL),
(317, '2019-01-07', 2, 'CCM', 'CCM1202', 'PTCM202004', NULL, '2020-10-28 14:58:12', 'Admin', '201901072ful', NULL),
(318, '2019-01-07', 2, 'CCM', 'CCM1201', 'PTCM202001', NULL, '2020-10-28 14:58:12', 'Admin', '201901072ful', NULL),
(319, '2019-01-07', 2, 'DBT', 'DBT1206', 'PTCM202004', NULL, '2020-10-28 14:58:12', 'Admin', '201901072ful', NULL),
(320, NULL, 2, 'DBT', 'DBT1201', 'Admin', NULL, '2021-06-18 10:28:36', 'Admin', '6', NULL),
(321, NULL, 2, 'DBT', 'DBT1201', 'Admin', NULL, '2021-06-18 10:29:07', 'Admin', '6', NULL),
(322, NULL, 2, 'DBT', 'DBT1201', 'Admin', NULL, '2021-06-18 10:30:03', 'Admin', '6', NULL),
(323, NULL, 2, 'DBT', 'DBT1201', 'Admin', NULL, '2021-06-18 10:30:09', 'Admin', '6', NULL),
(324, NULL, 2, 'DBT', 'DBT1201', 'Admin', NULL, '2021-06-18 10:30:15', 'Admin', '6', NULL),
(327, NULL, 2, 'DBT', 'DBT1201', 'PTCM202008', NULL, '2021-06-18 10:40:50', 'Admin', '9', NULL),
(328, NULL, 3, 'DBT', 'DBT2101', 'PTCM202001', NULL, '2021-06-18 10:43:51', 'Admin', '4', NULL),
(330, NULL, 2, 'CCM', 'CCM1201', 'PTCM202002', NULL, '2021-06-18 10:48:50', 'Admin', '8', NULL),
(331, NULL, 2, 'DBT', 'DBT1201', 'PTCM202001', NULL, '2021-06-18 11:50:30', 'Admin', '9', NULL),
(332, NULL, NULL, 'DBT', NULL, NULL, NULL, '2021-06-25 12:05:55', 'Admin', '20210611ful', NULL),
(333, NULL, NULL, 'DBT', NULL, NULL, NULL, '2021-06-25 12:10:11', 'Admin', '20210611ful', NULL),
(334, NULL, NULL, 'DBT', NULL, NULL, NULL, '2021-06-25 12:10:14', 'Admin', '20210611ful', NULL),
(335, NULL, NULL, 'DBT', NULL, NULL, NULL, '2021-06-25 13:07:32', 'Admin', '20210611ful', NULL),
(336, NULL, NULL, 'DBT', NULL, NULL, NULL, '2021-06-25 13:07:38', 'Admin', '20210611ful', NULL),
(337, NULL, NULL, 'DBT', NULL, NULL, NULL, '2021-06-25 13:07:38', 'Admin', '20210611ful', NULL),
(338, NULL, NULL, 'DBT', NULL, NULL, NULL, '2021-06-25 13:07:39', 'Admin', '20210611ful', NULL),
(339, NULL, 1, 'DBT', NULL, NULL, NULL, '2021-06-25 14:34:36', 'Admin', '20210611ful', NULL),
(340, NULL, 1, 'DBT', NULL, NULL, NULL, '2021-06-25 20:18:05', 'Admin', '20210611ful', NULL),
(341, NULL, 1, 'DBT', NULL, NULL, NULL, '2021-06-25 20:23:59', 'Admin', '20210611ful', NULL);

-- --------------------------------------------------------

--
-- Table structure for table `courseunits`
--

DROP TABLE IF EXISTS `courseunits`;
CREATE TABLE IF NOT EXISTS `courseunits` (
  `courseUnitCode` varchar(10) NOT NULL,
  `courseUnitName` varchar(200) DEFAULT NULL,
  `description` varchar(200) DEFAULT NULL,
  `creditHours` int(2) DEFAULT NULL,
  `courseCode` varchar(10) DEFAULT NULL,
  `semesterNum` int(3) DEFAULT NULL,
  `coursework` int(3) NOT NULL DEFAULT 0,
  `midExam` int(3) NOT NULL DEFAULT 0,
  `finalExam` int(3) NOT NULL DEFAULT 0,
  `updateTimestamp` datetime DEFAULT current_timestamp(),
  `adminId` varchar(17) DEFAULT 'not applicable',
  PRIMARY KEY (`courseUnitCode`),
  KEY `adminId` (`adminId`),
  KEY `semesterNum` (`semesterNum`),
  KEY `courseCode` (`courseCode`)
) ENGINE=MyISAM DEFAULT CHARSET=latin1;

--
-- Dumping data for table `courseunits`
--

INSERT INTO `courseunits` (`courseUnitCode`, `courseUnitName`, `description`, `creditHours`, `courseCode`, `semesterNum`, `coursework`, `midExam`, `finalExam`, `updateTimestamp`, `adminId`) VALUES
('DBT1101', 'Intro. to Old Testament', NULL, NULL, 'DBT', 1, 0, 0, 0, '2020-10-27 10:41:47', 'not applicable'),
('DBT1102', 'Hermeneutics', NULL, NULL, 'DBT', 1, 0, 0, 0, '2020-10-27 10:41:47', 'not applicable'),
('DBT1103', 'Church History', NULL, NULL, 'DBT', 1, 0, 0, 0, '2020-10-27 10:41:47', 'not applicable'),
('DBT1104', 'Systematic Theology', NULL, NULL, 'DBT', 1, 0, 0, 0, '2020-10-27 10:41:47', 'not applicable'),
('ICT1101', 'Intro.to Computers', NULL, NULL, NULL, 1, 0, 0, 0, '2020-10-27 10:41:47', 'not applicable'),
('DBT1106', 'Intro. to Christian Ministries', NULL, NULL, 'DBT', 1, 0, 0, 0, '2020-10-27 10:41:47', 'not applicable'),
('DBT1201', 'Intro. to New Testament', NULL, NULL, 'DBT', 2, 0, 0, 0, '2020-10-27 10:41:47', 'not applicable'),
('DBT1204', 'Church and Worship', NULL, NULL, 'DBT', 2, 0, 0, 0, '2020-10-27 10:41:48', 'not applicable'),
('DBT1205', 'Church Planting $ Nurture', NULL, NULL, 'DBT', 2, 0, 0, 0, '2020-10-27 10:41:48', 'not applicable'),
('DBT1206', 'Christian Counseling', NULL, NULL, 'DBT', 2, 0, 0, 0, '2020-10-27 10:41:49', 'not applicable'),
('DBT2101', 'Systematic Theology II', NULL, NULL, 'DBT', 3, 0, 0, 0, '2020-10-27 10:41:49', 'not applicable'),
('DBT2103', 'Apologetics', NULL, NULL, 'DBT', 3, 0, 0, 0, '2020-10-27 10:41:49', 'not applicable'),
('DBT2105', 'Transformational Leadership', NULL, NULL, 'DBT', 3, 0, 0, 0, '2020-10-27 10:41:50', 'not applicable'),
('DBT2106', 'New Testament Letters', NULL, NULL, 'DBT', 3, 0, 0, 0, '2020-10-27 10:41:50', 'not applicable'),
('DBT2201', 'Church & Community Transformation', NULL, NULL, 'DBT', 4, 0, 0, 0, '2020-10-27 10:41:50', 'not applicable'),
('DBT2202', 'World Religion', NULL, NULL, 'DBT', 4, 0, 0, 0, '2020-10-27 10:41:51', 'not applicable'),
('DBT2203', 'Christian Education', NULL, NULL, 'DBT', 4, 0, 0, 0, '2020-10-27 10:41:51', 'not applicable'),
('DBT2204', 'Church & Finance Management', NULL, NULL, 'DBT', 4, 0, 0, 0, '2020-10-27 10:41:51', 'not applicable'),
('DBT2205', 'Practicum', NULL, NULL, 'DBT', 4, 0, 0, 0, '2020-10-27 10:41:51', 'not applicable'),
('CCM1101', 'Intro. to Old Testament', NULL, NULL, 'CCM', 1, 0, 0, 0, '2020-10-27 10:41:52', 'not applicable'),
('CCM1103', 'Church History', NULL, NULL, 'CCM', 1, 0, 0, 0, '2020-10-27 10:41:52', 'not applicable'),
('CCM1102', 'Hermeneutics', NULL, NULL, 'CCM', 1, 0, 0, 0, '2020-10-27 10:41:52', 'not applicable'),
('CCM1104', 'Systematic Theology', NULL, NULL, 'CCM', 1, 0, 0, 0, '2020-10-27 10:41:53', 'not applicable'),
('CIT1101', 'Intro.to Computers', NULL, NULL, 'CIT', 1, 0, 0, 0, '2020-10-27 10:41:53', 'not applicable'),
('CCM1201', 'Intro. to New Testament', NULL, NULL, 'CCM', 2, 0, 0, 0, '2020-10-27 10:41:53', 'not applicable'),
('CCM1202', 'Christian Ethics', NULL, NULL, 'CCM', 2, 0, 0, 0, '2020-10-27 10:41:54', 'not applicable'),
('CCM1203', 'Homiletics', NULL, NULL, 'CCM', 2, 0, 0, 0, '2020-10-27 10:41:54', 'not applicable'),
('CCM1204', 'Christian  Worship', NULL, NULL, 'CCM', 2, 0, 0, 0, '2020-10-27 10:41:54', 'not applicable'),
('CCM1205', 'Church Planting & Nurture', NULL, NULL, 'CCM', 2, 0, 0, 0, '2020-10-27 10:41:55', 'not applicable'),
('CCM1206', 'Christian Counseling', NULL, NULL, 'CCM', 2, 0, 0, 0, '2020-10-27 10:41:55', 'not applicable'),
('CCM1106', 'Intro. to Christian Ministries', NULL, NULL, 'CCM', 1, 0, 0, 0, '2020-10-27 10:41:56', 'not applicable'),
('DBT1203', 'Homiletics', NULL, NULL, 'DBT', 2, 0, 0, 0, '2020-10-27 10:41:56', 'not applicable'),
('CIT1102', 'Intro. Computing', NULL, NULL, 'CIT', 1, 0, 0, 0, '2020-10-27 10:41:57', 'not applicable'),
('CIT1103', 'Document. processing', NULL, NULL, 'CIT', 1, 0, 0, 0, '2020-10-27 10:41:57', 'not applicable'),
('CIT1104', 'Data Analysis in Excel', NULL, NULL, 'CIT', 1, 0, 0, 0, '2020-10-27 10:41:57', 'not applicable'),
('CIT1105', 'Intro.to Internet', NULL, NULL, 'CIT', 1, 0, 0, 0, '2020-10-27 10:41:58', 'not applicable'),
('CIT1202', 'Presentation Graphics', NULL, NULL, 'CIT', 2, 0, 0, 0, '2020-10-27 10:41:58', 'not applicable'),
('CIT1203', 'Repair & Maintence', NULL, NULL, 'CIT', 2, 0, 0, 0, '2020-10-27 10:41:58', 'not applicable'),
('CIT1204', 'Intro. to Information Technology', NULL, NULL, 'CIT', 2, 0, 0, 0, '2020-10-27 10:41:58', 'not applicable'),
('CIT1205', 'Database Management Systems', NULL, NULL, 'CIT', 2, 0, 0, 0, '2020-10-27 10:41:59', 'not applicable'),
('DIT1101', 'Basic Computing', NULL, NULL, 'DIT', 1, 0, 0, 0, '2020-10-27 10:41:59', 'not applicable'),
('DIT1102', 'Information Technology 1', NULL, NULL, 'DIT', 1, 0, 0, 0, '2020-10-27 10:41:59', 'not applicable'),
('DIT1103', 'DataBase Management Systems1', NULL, NULL, 'DIT', 1, 0, 0, 0, '2020-10-27 10:41:59', 'not applicable'),
('FAC1101', 'Financial Accounting', NULL, 3, 'DBT', 1, 20, 3, 3, '2020-10-27 10:42:00', NULL),
('DIT1202', 'Data Management System 2', NULL, NULL, 'DIT', 2, 0, 0, 0, '2020-10-27 10:42:00', 'not applicable'),
('DIT1203', 'Computer Systems Assembly', NULL, NULL, 'DIT', 2, 0, 0, 0, '2020-10-27 10:42:00', 'not applicable'),
('DIT1204', 'Programming Methodologies', NULL, NULL, 'DIT', 2, 0, 0, 0, '2020-10-27 10:42:01', 'not applicable'),
('DIT1205', 'Information Technology 2', NULL, NULL, 'DIT', 2, 0, 0, 0, '2020-10-27 10:42:01', 'not applicable'),
('DIT1206', 'Internship', NULL, NULL, 'DIT', 2, 0, 0, 0, '2020-10-27 10:42:01', 'not applicable'),
('DIT2101', 'Repair &Maintenance', NULL, NULL, 'DIT', 3, 0, 0, 0, '2020-10-27 10:42:01', 'not applicable'),
('DIT2102', 'Computer Networking', NULL, NULL, 'DIT', 3, 0, 0, 0, '2020-10-27 10:42:02', 'not applicable'),
('DIT2103', 'Operating Systems', NULL, NULL, 'DIT', 3, 0, 0, 0, '2020-10-27 10:42:02', 'not applicable'),
('DIT2104', 'System Analysis & Design', NULL, NULL, 'DIT', 3, 0, 0, 0, '2020-10-27 10:42:02', 'not applicable'),
('DIT2201', 'IT Project Management', NULL, NULL, 'DIT', 4, 0, 0, 0, '2020-10-27 10:42:02', 'not applicable'),
('DIT2202', 'Information Systems Management', NULL, NULL, 'DIT', 4, 0, 0, 0, '2020-10-27 10:42:03', 'not applicable'),
('DIT2203', 'Trends in ICT', NULL, NULL, 'DIT', 4, 0, 0, 0, '2020-10-27 10:42:03', 'not applicable'),
('DIT2204', 'Fundamentals of Enterpreneurship', NULL, NULL, 'DIT', 4, 0, 0, 0, '2020-10-27 10:42:03', 'not applicable'),
('DIT2205', 'Web Systems & Design', NULL, NULL, 'DIT', 4, 0, 0, 0, '2020-10-27 10:42:03', 'not applicable'),
('DIT2206', 'Research Project', NULL, NULL, 'DIT', 4, 0, 0, 0, '2020-10-27 10:42:04', 'not applicable'),
('CIT1207', 'Internship', NULL, NULL, 'CIT', 2, 0, 0, 0, '2020-10-27 10:42:04', 'not applicable'),
('CIT1206', 'Christian Ethics', NULL, NULL, 'CIT', 2, 0, 0, 0, '2020-10-27 10:42:04', 'not applicable');

-- --------------------------------------------------------

--
-- Table structure for table `departments`
--

DROP TABLE IF EXISTS `departments`;
CREATE TABLE IF NOT EXISTS `departments` (
  `departCode` varchar(6) NOT NULL,
  `departName` varchar(100) DEFAULT NULL,
  `description` varchar(300) DEFAULT NULL,
  `updateTimestamp` datetime DEFAULT current_timestamp(),
  `adminId` varchar(17) DEFAULT NULL,
  PRIMARY KEY (`departCode`),
  KEY `adminId` (`adminId`)
) ENGINE=MyISAM DEFAULT CHARSET=latin1;

--
-- Dumping data for table `departments`
--

INSERT INTO `departments` (`departCode`, `departName`, `description`, `updateTimestamp`, `adminId`) VALUES
('DT', 'Depart of Theology', '', '2020-10-29 01:14:48', NULL),
('DCT', 'Depart of Communi Transformation', '', '2020-10-29 01:24:27', 'admin');

-- --------------------------------------------------------

--
-- Table structure for table `grades`
--

DROP TABLE IF EXISTS `grades`;
CREATE TABLE IF NOT EXISTS `grades` (
  `gradeCode` varchar(2) NOT NULL,
  `gradeRange` text NOT NULL DEFAULT '0',
  `gradeScore` decimal(3,1) DEFAULT NULL,
  `updateTimestamp` datetime DEFAULT current_timestamp(),
  `updatedBy` char(17) DEFAULT 'Admin',
  `createdBy` varchar(17) DEFAULT 'Admin',
  PRIMARY KEY (`gradeCode`)
) ENGINE=MyISAM DEFAULT CHARSET=latin1;

--
-- Dumping data for table `grades`
--

INSERT INTO `grades` (`gradeCode`, `gradeRange`, `gradeScore`, `updateTimestamp`, `updatedBy`, `createdBy`) VALUES
('E', '0', '0.0', '2019-12-03 12:47:28', 'ihs', 'Admin'),
('D+', '0', '1.5', '2019-12-03 12:45:40', 'ihs', 'Admin'),
('D-', '0', '0.5', '2019-12-03 12:46:47', 'ihs', 'Admin'),
('D', '0', '1.0', '2019-12-03 12:46:07', 'ihs', 'Admin'),
('C+', '0', '3.0', '2019-12-03 12:44:16', 'ihs', 'Admin'),
('C-', '0', '2.0', '2019-12-03 12:45:11', 'ihs', 'Admin'),
('C', '0', '2.5', '2019-12-03 12:44:35', 'ihs', 'Admin'),
('B+', '0', '4.5', '2019-12-03 12:43:13', 'ihs', 'Admin'),
('B-', '0', '3.5', '2019-12-03 12:43:53', 'ihs', 'Admin'),
('B', '0', '4.0', '2019-12-03 12:43:31', 'ihs', 'Admin'),
('A', '0', '5.0', '2019-12-03 12:42:49', 'ihs', 'Admin');

-- --------------------------------------------------------

--
-- Table structure for table `intakes`
--

DROP TABLE IF EXISTS `intakes`;
CREATE TABLE IF NOT EXISTS `intakes` (
  `intakeDate` date NOT NULL,
  `intakeName` char(55) NOT NULL,
  `updateTimestamp` datetime DEFAULT current_timestamp(),
  `adminId` varchar(17) DEFAULT 'not applicable',
  PRIMARY KEY (`intakeDate`)
) ENGINE=MyISAM DEFAULT CHARSET=latin1;

--
-- Dumping data for table `intakes`
--

INSERT INTO `intakes` (`intakeDate`, `intakeName`, `updateTimestamp`, `adminId`) VALUES
('2018-08-06', 'AUGUST INTAKE 2018', '2019-11-27 15:44:39', 'not applicable'),
('2018-05-07', 'MAY INTAKE 2018', '2019-11-27 15:44:39', 'not applicable'),
('2019-01-07', 'JAN INTAKE 2019', '2019-11-27 15:44:39', NULL),
('2019-05-06', 'May INTAKE 2019', '2019-11-27 15:44:39', NULL),
('2019-08-05', 'AUG INTAKE 2019', '2019-11-27 15:44:39', 'not applicable'),
('2020-01-06', 'JAN INTAKE 2020', '2020-11-27 15:44:39', NULL),
('2020-05-06', 'May intake 2020', '2020-10-30 03:57:37', 'PTCF202005');

-- --------------------------------------------------------

--
-- Table structure for table `marks`
--

DROP TABLE IF EXISTS `marks`;
CREATE TABLE IF NOT EXISTS `marks` (
  `markNum` int(4) NOT NULL AUTO_INCREMENT,
  `courseWork` int(3) DEFAULT 0,
  `midExam` int(3) DEFAULT 0,
  `finalExam` int(3) DEFAULT 0,
  `totalmark` int(3) DEFAULT 0,
  `gradeCode` char(2) DEFAULT NULL,
  `intakeDate` date DEFAULT NULL,
  `courseCode` varchar(10) DEFAULT NULL,
  `courseUnitCode` varchar(10) DEFAULT NULL,
  `semesterNum` int(3) DEFAULT NULL,
  `studentId` varchar(17) DEFAULT NULL,
  `updatedBy` varchar(17) DEFAULT NULL,
  `adminId` varchar(17) DEFAULT NULL,
  `updateTimestamp` datetime DEFAULT current_timestamp(),
  `semesterDateCode` varchar(12) DEFAULT NULL,
  PRIMARY KEY (`markNum`),
  KEY `semesterDateCode` (`semesterDateCode`)
) ENGINE=MyISAM AUTO_INCREMENT=1004 DEFAULT CHARSET=latin1;

--
-- Dumping data for table `marks`
--

INSERT INTO `marks` (`markNum`, `courseWork`, `midExam`, `finalExam`, `totalmark`, `gradeCode`, `intakeDate`, `courseCode`, `courseUnitCode`, `semesterNum`, `studentId`, `updatedBy`, `adminId`, `updateTimestamp`, `semesterDateCode`) VALUES
(1, 0, 0, 0, 0, NULL, '2018-08-06', 'DBT', 'DBT1102', 1, 'PTC/M18/DBT/04', 'ihs', NULL, '2020-10-29 03:08:12', '201808061ful'),
(2, 0, 0, 0, 0, NULL, '2018-08-06', 'DBT', 'DBT1104', 1, 'PTC/M18/DBT/04', 'ihs', NULL, '2020-10-29 03:08:12', '201808061ful'),
(3, 0, 0, 0, 0, 'B+', '2018-08-06', 'DBT', 'DBT1201', 2, 'PTC/M18/DBT/04', 'ihs', NULL, '2020-10-29 03:08:12', '201808062ful'),
(4, 0, 0, 0, 0, NULL, '2018-08-06', 'CCM', 'CCM1103', 1, 'PTC/A18/CCM/02', 'ihs', NULL, '2020-10-29 03:08:12', '201808061ful'),
(5, 0, 0, 0, 0, 'B+', '2018-05-07', NULL, 'ICT1101', 1, 'PTC/M18/CCM/05', 'ihs', NULL, '2020-10-29 03:08:12', '201805071ful'),
(6, 0, 0, 0, 0, NULL, '2018-08-06', 'CCM', 'CCM1101', 1, 'PTC/M18/CCM/05', 'ihs', NULL, '2020-10-29 03:08:12', '201808061ful'),
(7, 0, 0, 0, 0, NULL, '2018-08-06', 'DBT', 'DBT1106', 1, 'PTC/M18/CCM/05', 'ihs', NULL, '2020-10-29 03:08:12', '201808061ful'),
(8, 0, 0, 0, 0, NULL, '2018-08-06', 'CCM', 'CCM1106', 1, 'PTC/A18/CCM/02', 'ihs', NULL, '2020-10-29 03:08:12', '201808061ful'),
(9, 0, 0, 0, 0, 'A', '2018-05-07', 'CCM', 'CCM1103', 1, 'PTC/A18/CCM/02', 'ihs', NULL, '2020-10-29 03:08:12', '201805071ful'),
(10, 0, 0, 0, 0, 'A', '2018-05-07', 'CCM', 'CCM1106', 1, 'PTC/A18/CCM/02', 'ihs', NULL, '2020-10-29 03:08:12', '201805071ful'),
(11, 0, 0, 0, 0, 'C+', '2018-05-07', 'CCM', 'CCM1102', 1, 'PTC/A18/CCM/08', 'ihs', NULL, '2020-10-29 03:08:12', '201805071ful'),
(12, 0, 0, 0, 0, 'B+', '2018-05-07', 'CCM', 'CCM1104', 1, 'PTC/A18/CCM/08', 'ihs', NULL, '2020-10-29 03:08:12', '201805071ful'),
(13, 0, 0, 0, 0, 'C', '2018-05-07', NULL, 'ICT1101', 1, 'PTC/A18/CCM/08', 'ihs', NULL, '2020-10-29 03:08:12', '201805071ful'),
(14, 0, 0, 0, 0, 'A', '2018-05-07', 'DBT', 'DBT1102', 1, 'PTC/A18/DBT/02', 'ihs', NULL, '2020-10-29 03:08:12', '201805071ful'),
(15, 0, 0, 0, 0, 'A', '2018-05-07', 'DBT', 'DBT1104', 1, 'PTC/A18/DBT/02', 'ihs', NULL, '2020-10-29 03:08:12', '201805071ful'),
(16, 0, 0, 0, 0, NULL, '2018-05-07', NULL, 'ICT1101', 1, 'PTC/A18/DBT/02', 'ihs', NULL, '2020-10-29 03:08:12', '201805071ful'),
(17, 0, 0, 0, 0, 'B+', '2018-05-07', 'DBT', 'DBT1102', 1, 'PTC/A18/DBT/04', 'ihs', NULL, '2020-10-29 03:08:12', '201805071ful'),
(18, 0, 0, 0, 0, 'A', '2018-05-07', 'DBT', 'DBT1104', 1, 'PTC/A18/DBT/04', 'ihs', NULL, '2020-10-29 03:08:12', '201805071ful'),
(19, 0, 0, 0, 0, NULL, '2018-05-07', NULL, 'ICT1101', 1, 'PTC/A18/DBT/04', 'ihs', NULL, '2020-10-29 03:08:12', '201805071ful'),
(20, 0, 0, 0, 0, 'B-', '2018-05-07', 'CCM', 'CCM1101', 1, 'PTC/M18/CCM/05', 'ihs', NULL, '2020-10-29 03:08:12', '201805071ful'),
(21, 0, 0, 0, 0, 'B-', '2018-05-07', 'DBT', 'DBT1102', 1, 'PTC/A18/DBT/05', 'ihs', NULL, '2020-10-29 03:08:12', '201805071ful'),
(22, 0, 0, 0, 0, 'B', '2018-05-07', 'CCM', 'CCM1102', 1, 'PTC/M18/CCM/05', 'ihs', NULL, '2020-10-29 03:08:12', '201805071ful'),
(23, 0, 0, 0, 0, 'A', '2018-05-07', 'CCM', 'CCM1103', 1, 'PTC/M18/CCM/05', 'ihs', NULL, '2020-10-29 03:08:12', '201805071ful'),
(24, 0, 0, 0, 0, 'B', '2018-05-07', 'CCM', 'CCM1104', 1, 'PTC/M18/CCM/05', 'ihs', NULL, '2020-10-29 03:08:12', '201805071ful'),
(25, 0, 0, 0, 0, 'A', '2018-05-07', 'CCM', 'CCM1106', 1, 'PTC/M18/CCM/05', 'ihs', NULL, '2020-10-29 03:08:12', '201805071ful'),
(26, 0, 0, 0, 0, NULL, '2018-08-06', 'DBT', 'DBT1101', 1, 'PTC/M18/DBT/04', 'ihs', NULL, '2020-10-29 03:08:12', '201808061ful'),
(27, 0, 0, 0, 0, NULL, '2018-08-06', 'DBT', 'DBT1103', 1, 'PTC/M18/DBT/04', 'ihs', NULL, '2020-10-29 03:08:12', '201808061ful'),
(28, 0, 0, 0, 0, NULL, '2018-08-06', 'DBT', 'DBT1106', 1, 'PTC/M18/DBT/04', 'ihs', NULL, '2020-10-29 03:08:12', '201808061ful'),
(29, 0, 0, 0, 0, NULL, '2018-08-06', 'CCM', 'CCM1102', 1, 'PTC/A18/CCM/02', 'ihs', NULL, '2020-10-29 03:08:12', '201808061ful'),
(30, 0, 0, 0, 0, NULL, '2018-08-06', 'CCM', 'CCM1104', 1, 'PTC/A18/CCM/02', 'ihs', NULL, '2020-10-29 03:08:12', '201808061ful'),
(31, 0, 0, 0, 0, NULL, '2018-08-06', 'CCM', 'CCM1201', 2, 'PTC/A18/CCM/02', 'ihs', NULL, '2020-10-29 03:08:12', '201808062ful'),
(32, 0, 0, 0, 0, NULL, '2018-08-06', 'CCM', 'CCM1202', 2, 'PTC/A18/CCM/02', 'ihs', NULL, '2020-10-29 03:08:12', '201808062ful'),
(33, 0, 0, 0, 0, NULL, '2018-08-06', 'CCM', 'CCM1203', 2, 'PTC/A18/CCM/02', 'ihs', NULL, '2020-10-29 03:08:12', '201808062ful'),
(34, 0, 0, 0, 0, NULL, '2018-08-06', 'CCM', 'CCM1101', 1, 'PTC/A18/CCM/08', 'ihs', NULL, '2020-10-29 03:08:12', '201808061ful'),
(35, 0, 0, 0, 0, NULL, '2018-08-06', 'CCM', 'CCM1101', 1, 'PTC/A18/CCM/02', 'ihs', NULL, '2020-10-29 03:08:12', '201808061ful'),
(36, 0, 0, 0, 0, NULL, '2018-08-06', 'CCM', 'CCM1204', 2, 'PTC/A18/CCM/02', 'ihs', NULL, '2020-10-29 03:08:12', '201808062ful'),
(37, 0, 0, 0, 0, NULL, '2018-08-06', 'CCM', 'CCM1205', 2, 'PTC/A18/CCM/02', 'ihs', NULL, '2020-10-29 03:08:12', '201808062ful'),
(38, 0, 0, 0, 0, NULL, '2018-08-06', 'CCM', 'CCM1206', 2, 'PTC/A18/CCM/02', 'ihs', NULL, '2020-10-29 03:08:12', '201808062ful'),
(39, 0, 0, 0, 0, NULL, '2018-08-06', 'CIT', 'CIT1101', 1, 'PTC/A18/CCM/02', 'ihs', NULL, '2020-10-29 03:08:12', '201808061ful'),
(40, 0, 0, 0, 0, NULL, '2018-08-06', 'CCM', 'CCM1102', 1, 'PTC/A18/CCM/08', 'ihs', NULL, '2020-10-29 03:08:12', '201808061ful'),
(41, 0, 0, 0, 0, NULL, '2018-08-06', 'CCM', 'CCM1103', 1, 'PTC/A18/CCM/08', 'ihs', NULL, '2020-10-29 03:08:12', '201808061ful'),
(42, 0, 0, 0, 0, NULL, '2018-08-06', 'CCM', 'CCM1104', 1, 'PTC/A18/CCM/08', 'ihs', NULL, '2020-10-29 03:08:12', '201808061ful'),
(43, 0, 0, 0, 0, NULL, '2018-08-06', 'CCM', 'CCM1106', 1, 'PTC/A18/CCM/08', 'ihs', NULL, '2020-10-29 03:08:12', '201808061ful'),
(44, 0, 0, 0, 0, NULL, '2018-08-06', 'CCM', 'CCM1201', 2, 'PTC/A18/CCM/08', 'ihs', NULL, '2020-10-29 03:08:12', '201808062ful'),
(45, 0, 0, 0, 0, NULL, '2018-08-06', 'CCM', 'CCM1202', 2, 'PTC/A18/CCM/08', 'ihs', NULL, '2020-10-29 03:08:12', '201808062ful'),
(46, 0, 0, 0, 0, NULL, '2018-08-06', 'CCM', 'CCM1203', 2, 'PTC/A18/CCM/08', 'ihs', NULL, '2020-10-29 03:08:12', '201808062ful'),
(47, 0, 0, 0, 0, NULL, '2018-08-06', 'CCM', 'CCM1204', 2, 'PTC/A18/CCM/08', 'ihs', NULL, '2020-10-29 03:08:12', '201808062ful'),
(48, 0, 0, 0, 0, NULL, '2018-08-06', 'CCM', 'CCM1205', 2, 'PTC/A18/CCM/08', 'ihs', NULL, '2020-10-29 03:08:12', '201808062ful'),
(49, 0, 0, 0, 0, NULL, '2018-08-06', 'CCM', 'CCM1206', 2, 'PTC/A18/CCM/08', 'ihs', NULL, '2020-10-29 03:08:12', '201808062ful'),
(50, 0, 0, 0, 0, NULL, '2018-08-06', 'CIT', 'CIT1101', 1, 'PTC/A18/CCM/08', 'ihs', NULL, '2020-10-29 03:08:12', '201808061ful'),
(51, 0, 0, 0, 0, 'A', '2018-08-06', 'DBT', 'DBT1101', 1, 'PTC/A18/DBT/02', 'ihs', NULL, '2020-10-29 03:08:12', '201808061ful'),
(52, 0, 0, 0, 0, 'A', '2018-08-06', 'DBT', 'DBT1102', 1, 'PTC/A18/DBT/02', 'ihs', NULL, '2020-10-29 03:08:12', '201808061ful'),
(53, 0, 0, 0, 0, 'B-', '2018-08-06', 'DBT', 'DBT1103', 1, 'PTC/A18/DBT/02', 'ihs', NULL, '2020-10-29 03:08:12', '201808061ful'),
(54, 0, 0, 0, 0, 'A', '2018-08-06', 'DBT', 'DBT1104', 1, 'PTC/A18/DBT/02', 'ihs', NULL, '2020-10-29 03:08:12', '201808061ful'),
(55, 0, 0, 0, 0, 'A', '2018-08-06', 'DBT', 'DBT1106', 1, 'PTC/A18/DBT/02', 'ihs', NULL, '2020-10-29 03:08:12', '201808061ful'),
(56, 0, 0, 0, 0, 'B+', '2018-05-07', 'DBT', 'DBT1101', 1, 'PTC/A18/DBT/09', 'ihs', NULL, '2020-10-29 03:08:12', '201805071ful'),
(57, 0, 0, 0, 0, 'A', '2018-05-07', 'DBT', 'DBT1103', 1, 'PTC/A18/DBT/09', 'ihs', NULL, '2020-10-29 03:08:12', '201805071ful'),
(58, 0, 0, 0, 0, 'A', '2018-05-07', 'DBT', 'DBT1106', 1, 'PTC/A18/DBT/09', 'ihs', NULL, '2020-10-29 03:08:12', '201805071ful'),
(59, 0, 0, 0, 0, 'B-', '2018-08-06', NULL, 'ICT1101', 1, 'PTC/A18/DBT/02', 'ihs', NULL, '2020-10-29 03:08:12', '201808061ful'),
(60, 0, 0, 0, 0, 'A', '2018-08-06', 'DBT', 'DBT1101', 1, 'PTC/A18/DBT/04', 'ihs', NULL, '2020-10-29 03:08:12', '201808061ful'),
(61, 0, 0, 0, 0, 'B+', '2018-08-06', 'DBT', 'DBT1102', 1, 'PTC/A18/DBT/04', 'ihs', NULL, '2020-10-29 03:08:12', '201808061ful'),
(62, 0, 0, 0, 0, 'A', '2018-08-06', 'DBT', 'DBT1103', 1, 'PTC/A18/DBT/04', 'ihs', NULL, '2020-10-29 03:08:12', '201808061ful'),
(63, 0, 0, 0, 0, 'A', '2018-08-06', 'DBT', 'DBT1104', 1, 'PTC/A18/DBT/04', 'ihs', NULL, '2020-10-29 03:08:12', '201808061ful'),
(64, 0, 0, 0, 0, NULL, '2018-08-06', 'DBT', 'DBT1106', 1, 'PTC/A18/DBT/04', 'ihs', NULL, '2020-10-29 03:08:12', '201808061ful'),
(65, 0, 0, 0, 0, NULL, '2018-05-07', 'DBT', 'DBT1101', 1, 'PTC/A18/DBT/11', 'ihs', NULL, '2020-10-29 03:08:12', '201805071ful'),
(66, 0, 0, 0, 0, 'A', '2018-05-07', 'DBT', 'DBT1103', 1, 'PTC/A18/DBT/11', 'ihs', NULL, '2020-10-29 03:08:12', '201805071ful'),
(67, 0, 0, 0, 0, 'A', '2018-05-07', 'DBT', 'DBT1106', 1, 'PTC/A18/DBT/11', 'ihs', NULL, '2020-10-29 03:08:12', '201805071ful'),
(68, 0, 0, 0, 0, NULL, '2018-08-06', NULL, 'ICT1101', 1, 'PTC/A18/DBT/04', 'ihs', NULL, '2020-10-29 03:08:12', '201808061ful'),
(69, 0, 0, 0, 0, 'B', '2018-08-06', 'DBT', 'DBT1101', 1, 'PTC/A18/DBT/05', 'ihs', NULL, '2020-10-29 03:08:12', '201808061ful'),
(70, 0, 0, 0, 0, 'B-', '2018-08-06', 'DBT', 'DBT1102', 1, 'PTC/A18/DBT/05', 'ihs', NULL, '2020-10-29 03:08:12', '201808061ful'),
(71, 0, 0, 0, 0, 'B', '2018-08-06', 'DBT', 'DBT1103', 1, 'PTC/A18/DBT/05', 'ihs', NULL, '2020-10-29 03:08:12', '201808061ful'),
(72, 0, 0, 0, 0, 'A', '2018-08-06', 'DBT', 'DBT1104', 1, 'PTC/A18/DBT/05', 'ihs', NULL, '2020-10-29 03:08:12', '201808061ful'),
(73, 0, 0, 0, 0, 'C+', '2018-08-06', 'DBT', 'DBT1106', 1, 'PTC/A18/DBT/05', 'ihs', NULL, '2020-10-29 03:08:12', '201808061ful'),
(74, 0, 0, 0, 0, 'B', '2018-08-06', 'DBT', 'DBT1201', 2, 'PTC/A18/DBT/05', 'ihs', NULL, '2020-10-29 03:08:12', '201808062ful'),
(75, 0, 0, 0, 0, NULL, '2018-08-06', 'DBT', 'DBT1204', 2, 'PTC/A18/DBT/05', 'ihs', NULL, '2020-10-29 03:08:12', '201808062ful'),
(76, 0, 0, 0, 0, NULL, '2018-08-06', 'DBT', 'DBT1205', 2, 'PTC/A18/DBT/05', 'ihs', NULL, '2020-10-29 03:08:12', '201808062ful'),
(77, 0, 0, 0, 0, 'C', '2018-08-06', NULL, 'ICT1101', 1, 'PTC/A18/DBT/05', 'ihs', NULL, '2020-10-29 03:08:12', '201808061ful'),
(78, 0, 0, 0, 0, 'B+', '2018-08-06', 'DBT', 'DBT1101', 1, 'PTC/A18/DBT/09', 'ihs', NULL, '2020-10-29 03:08:12', '201808061ful'),
(79, 0, 0, 0, 0, 'C-', '2018-08-06', 'DBT', 'DBT1102', 1, 'PTC/A18/DBT/09', 'ihs', NULL, '2020-10-29 03:08:12', '201808061ful'),
(80, 0, 0, 0, 0, 'A', '2018-08-06', 'DBT', 'DBT1103', 1, 'PTC/A18/DBT/09', 'ihs', NULL, '2020-10-29 03:08:12', '201808061ful'),
(81, 0, 0, 0, 0, 'B+', '2018-08-06', 'DBT', 'DBT1104', 1, 'PTC/A18/DBT/09', 'ihs', NULL, '2020-10-29 03:08:12', '201808061ful'),
(82, 0, 0, 0, 0, 'A', '2018-08-06', 'DBT', 'DBT1106', 1, 'PTC/A18/DBT/09', 'ihs', NULL, '2020-10-29 03:08:12', '201808061ful'),
(83, 0, 0, 0, 0, 'A', '2018-08-06', 'DBT', 'DBT1201', 2, 'PTC/A18/DBT/09', 'ihs', NULL, '2020-10-29 03:08:12', '201808062ful'),
(84, 0, 0, 0, 0, 'A', '2018-08-06', 'DBT', 'DBT1101', 1, 'PTC/A18/DBT/10', 'ihs', NULL, '2020-10-29 03:08:12', '201808061ful'),
(85, 0, 0, 0, 0, 'A', '2018-08-06', 'DBT', 'DBT1102', 1, 'PTC/A18/DBT/10', 'ihs', NULL, '2020-10-29 03:08:12', '201808061ful'),
(86, 0, 0, 0, 0, 'C+', '2018-08-06', 'DBT', 'DBT1103', 1, 'PTC/A18/DBT/10', 'ihs', NULL, '2020-10-29 03:08:12', '201808061ful'),
(87, 0, 0, 0, 0, 'A', '2018-08-06', 'DBT', 'DBT1104', 1, 'PTC/A18/DBT/10', 'ihs', NULL, '2020-10-29 03:08:12', '201808061ful'),
(88, 0, 0, 0, 0, NULL, '2018-08-06', 'DBT', 'DBT1106', 1, 'PTC/A18/DBT/10', 'ihs', NULL, '2020-10-29 03:08:12', '201808061ful'),
(89, 0, 0, 0, 0, 'C-', '2018-05-07', 'DBT', 'DBT1102', 1, 'PTC/A18/DBT/09', 'ihs', NULL, '2020-10-29 03:08:12', '201805071ful'),
(90, 0, 0, 0, 0, 'B+', '2018-05-07', 'DBT', 'DBT1104', 1, 'PTC/A18/DBT/09', 'ihs', NULL, '2020-10-29 03:08:12', '201805071ful'),
(91, 0, 0, 0, 0, 'C+', '2018-05-07', NULL, 'ICT1101', 1, 'PTC/A18/DBT/09', 'ihs', NULL, '2020-10-29 03:08:12', '201805071ful'),
(92, 0, 0, 0, 0, NULL, '2018-08-06', 'DBT', 'DBT1101', 1, 'PTC/A18/DBT/11', 'ihs', NULL, '2020-10-29 03:08:12', '201808061ful'),
(93, 0, 0, 0, 0, 'B-', '2018-08-06', 'DBT', 'DBT1102', 1, 'PTC/A18/DBT/11', 'ihs', NULL, '2020-10-29 03:08:12', '201808061ful'),
(94, 0, 0, 0, 0, 'A', '2018-08-06', 'DBT', 'DBT1103', 1, 'PTC/A18/DBT/11', 'ihs', NULL, '2020-10-29 03:08:12', '201808061ful'),
(95, 0, 0, 0, 0, 'A', '2018-08-06', 'DBT', 'DBT1104', 1, 'PTC/A18/DBT/11', 'ihs', NULL, '2020-10-29 03:08:12', '201808061ful'),
(96, 0, 0, 0, 0, 'A', '2018-08-06', 'DBT', 'DBT1106', 1, 'PTC/A18/DBT/11', 'ihs', NULL, '2020-10-29 03:08:12', '201808061ful'),
(97, 0, 0, 0, 0, 'B-', '2018-05-07', 'DBT', 'DBT1102', 1, 'PTC/A18/DBT/11', 'ihs', NULL, '2020-10-29 03:08:12', '201805071ful'),
(98, 0, 0, 0, 0, NULL, '2018-05-07', 'DBT', 'DBT1104', 1, 'PTC/A18/DBT/11', 'ihs', NULL, '2020-10-29 03:08:12', '201805071ful'),
(99, 0, 0, 0, 0, NULL, '2018-05-07', NULL, 'ICT1101', 1, 'PTC/A18/DBT/11', 'ihs', NULL, '2020-10-29 03:08:12', '201805071ful'),
(100, 0, 0, 0, 0, 'C+', '2018-08-06', NULL, 'ICT1101', 1, 'PTC/A18/DBT/11', 'ihs', NULL, '2020-10-29 03:08:12', '201808061ful'),
(101, 0, 0, 0, 0, 'B', '2018-05-07', 'CCM', 'CCM1101', 1, 'PTC/A18/CCM/02', 'ihs', NULL, '2020-10-29 03:08:12', '201805071ful'),
(102, 0, 0, 0, 0, 'A', '2018-05-07', 'CCM', 'CCM1101', 1, 'PTC/A18/CCM/08', 'ihs', NULL, '2020-10-29 03:08:12', '201805071ful'),
(103, 0, 0, 0, 0, 'A', '2018-05-07', 'CCM', 'CCM1102', 1, 'PTC/A18/CCM/02', 'ihs', NULL, '2020-10-29 03:08:12', '201805071ful'),
(104, 0, 0, 0, 0, 'A', '2018-05-07', 'CCM', 'CCM1104', 1, 'PTC/A18/CCM/02', 'ihs', NULL, '2020-10-29 03:08:12', '201805071ful'),
(105, 0, 0, 0, 0, 'C', '2018-05-07', NULL, 'ICT1101', 1, 'PTC/A18/CCM/02', 'ihs', NULL, '2020-10-29 03:08:12', '201805071ful'),
(106, 0, 0, 0, 0, 'A', '2018-05-07', 'CCM', 'CCM1103', 1, 'PTC/A18/CCM/08', 'ihs', NULL, '2020-10-29 03:08:12', '201805071ful'),
(107, 0, 0, 0, 0, 'A', '2018-05-07', 'CCM', 'CCM1106', 1, 'PTC/A18/CCM/08', 'ihs', NULL, '2020-10-29 03:08:12', '201805071ful'),
(108, 0, 0, 0, 0, 'A', '2018-05-07', 'DBT', 'DBT1101', 1, 'PTC/A18/DBT/02', 'ihs', NULL, '2020-10-29 03:08:12', '201805071ful'),
(109, 0, 0, 0, 0, 'B-', '2018-05-07', 'DBT', 'DBT1103', 1, 'PTC/A18/DBT/02', 'ihs', NULL, '2020-10-29 03:08:12', '201805071ful'),
(110, 0, 0, 0, 0, 'A', '2018-05-07', 'DBT', 'DBT1106', 1, 'PTC/A18/DBT/02', 'ihs', NULL, '2020-10-29 03:08:12', '201805071ful'),
(111, 0, 0, 0, 0, 'A', '2018-05-07', 'DBT', 'DBT1101', 1, 'PTC/A18/DBT/04', 'ihs', NULL, '2020-10-29 03:08:12', '201805071ful'),
(112, 0, 0, 0, 0, 'A', '2018-05-07', 'DBT', 'DBT1103', 1, 'PTC/A18/DBT/04', 'ihs', NULL, '2020-10-29 03:08:12', '201805071ful'),
(113, 0, 0, 0, 0, 'D', '2018-05-07', 'DBT', 'DBT1106', 1, 'PTC/A18/DBT/04', 'ihs', NULL, '2020-10-29 03:08:12', '201805071ful'),
(114, 0, 0, 0, 0, 'B', '2018-05-07', 'DBT', 'DBT1101', 1, 'PTC/A18/DBT/05', 'ihs', NULL, '2020-10-29 03:08:12', '201805071ful'),
(115, 0, 0, 0, 0, 'B', '2018-05-07', 'DBT', 'DBT1103', 1, 'PTC/A18/DBT/05', 'ihs', NULL, '2020-10-29 03:08:12', '201805071ful'),
(116, 0, 0, 0, 0, 'A', '2018-05-07', 'DBT', 'DBT1104', 1, 'PTC/A18/DBT/05', 'ihs', NULL, '2020-10-29 03:08:12', '201805071ful'),
(117, 0, 0, 0, 0, 'C+', '2018-05-07', 'DBT', 'DBT1106', 1, 'PTC/A18/DBT/05', 'ihs', NULL, '2020-10-29 03:08:12', '201805071ful'),
(118, 0, 0, 0, 0, 'C', '2018-05-07', NULL, 'ICT1101', 1, 'PTC/A18/DBT/05', 'ihs', NULL, '2020-10-29 03:08:12', '201805071ful'),
(119, 0, 0, 0, 0, 'B+', '2018-05-07', 'DBT', 'DBT1101', 1, 'PTC/M18/DBT/04', 'ihs', NULL, '2020-10-29 03:08:12', '201805071ful'),
(120, 0, 0, 0, 0, 'A', '2018-05-07', 'DBT', 'DBT1102', 1, 'PTC/M18/DBT/04', 'ihs', NULL, '2020-10-29 03:08:12', '201805071ful'),
(121, 0, 0, 0, 0, 'A', '2018-05-07', 'DBT', 'DBT1103', 1, 'PTC/M18/DBT/04', 'ihs', NULL, '2020-10-29 03:08:12', '201805071ful'),
(122, 0, 0, 0, 0, 'B+', '2018-05-07', 'DBT', 'DBT1104', 1, 'PTC/M18/DBT/04', 'ihs', NULL, '2020-10-29 03:08:12', '201805071ful'),
(123, 0, 0, 0, 0, 'A', '2018-05-07', 'DBT', 'DBT1106', 1, 'PTC/M18/DBT/04', 'ihs', NULL, '2020-10-29 03:08:12', '201805071ful'),
(124, 0, 0, 0, 0, NULL, '2018-05-07', NULL, 'ICT1101', 1, 'PTC/M18/DBT/04', 'ihs', NULL, '2020-10-29 03:08:12', '201805071ful'),
(125, 0, 0, 0, 0, 'B+', '2018-05-07', 'DBT', 'DBT1101', 1, 'PTC/M18/DBT/06', 'ihs', NULL, '2020-10-29 03:08:12', '201805071ful'),
(126, 0, 0, 0, 0, 'A', '2018-05-07', 'DBT', 'DBT1102', 1, 'PTC/M18/DBT/06', 'ihs', NULL, '2020-10-29 03:08:12', '201805071ful'),
(127, 0, 0, 0, 0, 'A', '2018-05-07', 'DBT', 'DBT1103', 1, 'PTC/M18/DBT/06', 'ihs', NULL, '2020-10-29 03:08:12', '201805071ful'),
(128, 0, 0, 0, 0, 'A', '2018-05-07', 'DBT', 'DBT1104', 1, 'PTC/M18/DBT/06', 'ihs', NULL, '2020-10-29 03:08:12', '201805071ful'),
(129, 0, 0, 0, 0, 'A', '2018-05-07', 'DBT', 'DBT1106', 1, 'PTC/M18/DBT/06', 'ihs', NULL, '2020-10-29 03:08:12', '201805071ful'),
(130, 0, 0, 0, 0, 'A', '2018-05-07', NULL, 'ICT1101', 1, 'PTC/M18/DBT/06', 'ihs', NULL, '2020-10-29 03:08:12', '201805071ful'),
(131, 0, 0, 0, 0, 'A', '2018-05-07', 'DBT', 'DBT1101', 1, 'PTC/M18/DBT/09', 'ihs', NULL, '2020-10-29 03:08:12', '201805071ful'),
(132, 0, 0, 0, 0, 'B-', '2018-05-07', 'DBT', 'DBT1102', 1, 'PTC/M18/DBT/09', 'ihs', NULL, '2020-10-29 03:08:12', '201805071ful'),
(133, 0, 0, 0, 0, 'B+', '2018-05-07', 'DBT', 'DBT1103', 1, 'PTC/M18/DBT/09', 'ihs', NULL, '2020-10-29 03:08:12', '201805071ful'),
(134, 0, 0, 0, 0, 'A', '2018-05-07', 'DBT', 'DBT1104', 1, 'PTC/M18/DBT/09', 'ihs', NULL, '2020-10-29 03:08:12', '201805071ful'),
(135, 0, 0, 0, 0, 'A', '2018-05-07', 'DBT', 'DBT1106', 1, 'PTC/M18/DBT/09', 'ihs', NULL, '2020-10-29 03:08:12', '201805071ful'),
(136, 0, 0, 0, 0, 'B', '2018-05-07', 'DBT', 'DBT1101', 1, 'PTC/M18/DBT/10', 'ihs', NULL, '2020-10-29 03:08:12', '201805071ful'),
(137, 0, 0, 0, 0, 'A', '2018-05-07', 'DBT', 'DBT1102', 1, 'PTC/M18/DBT/10', 'ihs', NULL, '2020-10-29 03:08:12', '201805071ful'),
(138, 0, 0, 0, 0, 'A', '2018-05-07', 'DBT', 'DBT1103', 1, 'PTC/M18/DBT/10', 'ihs', NULL, '2020-10-29 03:08:12', '201805071ful'),
(139, 0, 0, 0, 0, 'A', '2018-05-07', 'DBT', 'DBT1104', 1, 'PTC/M18/DBT/10', 'ihs', NULL, '2020-10-29 03:08:12', '201805071ful'),
(140, 0, 0, 0, 0, 'A', '2018-05-07', 'DBT', 'DBT1106', 1, 'PTC/M18/DBT/10', 'ihs', NULL, '2020-10-29 03:08:12', '201805071ful'),
(141, 0, 0, 0, 0, NULL, '2018-05-07', NULL, 'ICT1101', 1, 'PTC/M18/DBT/10', 'ihs', NULL, '2020-10-29 03:08:12', '201805071ful'),
(142, 0, 0, 0, 0, 'A', '2018-05-07', 'DBT', 'DBT1101', 1, 'PTC/M18/DBT/11', 'ihs', NULL, '2020-10-29 03:08:12', '201805071ful'),
(143, 0, 0, 0, 0, 'A', '2018-05-07', 'DBT', 'DBT1102', 1, 'PTC/M18/DBT/11', 'ihs', NULL, '2020-10-29 03:08:12', '201805071ful'),
(144, 0, 0, 0, 0, 'A', '2018-05-07', 'DBT', 'DBT1103', 1, 'PTC/M18/DBT/11', 'ihs', NULL, '2020-10-29 03:08:12', '201805071ful'),
(145, 0, 0, 0, 0, 'A', '2018-05-07', 'DBT', 'DBT1104', 1, 'PTC/M18/DBT/11', 'ihs', NULL, '2020-10-29 03:08:12', '201805071ful'),
(146, 0, 0, 0, 0, 'A', '2018-05-07', 'DBT', 'DBT1106', 1, 'PTC/M18/DBT/11', 'ihs', NULL, '2020-10-29 03:08:12', '201805071ful'),
(147, 0, 0, 0, 0, NULL, '2018-05-07', NULL, 'ICT1101', 1, 'PTC/M18/DBT/11', 'ihs', NULL, '2020-10-29 03:08:12', '201805071ful'),
(148, 0, 0, 0, 0, 'B', '2018-05-07', 'DBT', 'DBT1101', 1, 'PTC/M18/DBT/13', 'ihs', NULL, '2020-10-29 03:08:12', '201805071ful'),
(149, 0, 0, 0, 0, 'B', '2018-05-07', 'DBT', 'DBT1102', 1, 'PTC/M18/DBT/13', 'ihs', NULL, '2020-10-29 03:08:12', '201805071ful'),
(150, 0, 0, 0, 0, 'A', '2018-05-07', 'DBT', 'DBT1103', 1, 'PTC/M18/DBT/13', 'ihs', NULL, '2020-10-29 03:08:12', '201805071ful'),
(151, 0, 0, 0, 0, 'A', '2018-05-07', 'DBT', 'DBT1104', 1, 'PTC/M18/DBT/13', 'ihs', NULL, '2020-10-29 03:08:12', '201805071ful'),
(152, 0, 0, 0, 0, 'B+', '2018-05-07', 'DBT', 'DBT1106', 1, 'PTC/M18/DBT/13', 'ihs', NULL, '2020-10-29 03:08:12', '201805071ful'),
(153, 0, 0, 0, 0, 'C', '2018-05-07', NULL, 'ICT1101', 1, 'PTC/M18/DBT/13', 'ihs', NULL, '2020-10-29 03:08:12', '201805071ful'),
(154, 0, 0, 0, 0, 'B', '2018-05-07', 'DBT', 'DBT1101', 1, 'PTC/M18/DBT/14', 'ihs', NULL, '2020-10-29 03:08:12', '201805071ful'),
(155, 0, 0, 0, 0, 'A', '2018-05-07', 'DBT', 'DBT1102', 1, 'PTC/M18/DBT/14', 'ihs', NULL, '2020-10-29 03:08:12', '201805071ful'),
(156, 0, 0, 0, 0, NULL, '2018-05-07', 'DBT', 'DBT1103', 1, 'PTC/M18/DBT/14', 'ihs', NULL, '2020-10-29 03:08:12', '201805071ful'),
(157, 0, 0, 0, 0, 'B+', '2018-05-07', 'DBT', 'DBT1104', 1, 'PTC/M18/DBT/14', 'ihs', NULL, '2020-10-29 03:08:12', '201805071ful'),
(158, 0, 0, 0, 0, 'A', '2018-05-07', 'DBT', 'DBT1106', 1, 'PTC/M18/DBT/14', 'ihs', NULL, '2020-10-29 03:08:12', '201805071ful'),
(159, 0, 0, 0, 0, NULL, '2018-05-07', NULL, 'ICT1101', 1, 'PTC/M18/DBT/14', 'ihs', NULL, '2020-10-29 03:08:12', '201805071ful'),
(160, 0, 0, 0, 0, 'C+', '2018-08-06', NULL, 'ICT1101', 1, 'PTC/A18/DBT/09', 'ihs', NULL, '2020-10-29 03:08:12', '201808061ful'),
(161, 0, 0, 0, 0, NULL, '2018-08-06', NULL, 'ICT1101', 1, 'PTC/A18/DBT/10', 'ihs', NULL, '2020-10-29 03:08:12', '201808061ful'),
(162, 0, 0, 0, 0, 'B-', '2018-05-07', 'DBT', 'DBT1101', 1, 'PTC/M18/DBT/03', 'ihs', NULL, '2020-10-29 03:08:12', '201805071ful'),
(163, 0, 0, 0, 0, 'B', '2018-05-07', 'DBT', 'DBT1102', 1, 'PTC/M18/DBT/03', 'ihs', NULL, '2020-10-29 03:08:12', '201805071ful'),
(164, 0, 0, 0, 0, 'B+', '2018-05-07', 'DBT', 'DBT1103', 1, 'PTC/M18/DBT/03', 'ihs', NULL, '2020-10-29 03:08:12', '201805071ful'),
(165, 0, 0, 0, 0, 'A', '2018-05-07', 'DBT', 'DBT1104', 1, 'PTC/M18/DBT/03', 'ihs', NULL, '2020-10-29 03:08:12', '201805071ful'),
(166, 0, 0, 0, 0, 'B', '2018-05-07', 'DBT', 'DBT1106', 1, 'PTC/M18/DBT/03', 'ihs', NULL, '2020-10-29 03:08:12', '201805071ful'),
(167, 0, 0, 0, 0, NULL, '2018-05-07', NULL, 'ICT1101', 1, 'PTC/M18/DBT/03', 'ihs', NULL, '2020-10-29 03:08:12', '201805071ful'),
(168, 0, 0, 0, 0, 'B+', '2018-05-07', 'DBT', 'DBT1101', 1, 'PTC/M18/DBT/07', 'ihs', NULL, '2020-10-29 03:08:12', '201805071ful'),
(169, 0, 0, 0, 0, 'A', '2018-05-07', 'DBT', 'DBT1102', 1, 'PTC/M18/DBT/07', 'ihs', NULL, '2020-10-29 03:08:12', '201805071ful'),
(170, 0, 0, 0, 0, 'A', '2018-05-07', 'DBT', 'DBT1103', 1, 'PTC/M18/DBT/07', 'ihs', NULL, '2020-10-29 03:08:12', '201805071ful'),
(171, 0, 0, 0, 0, 'A', '2018-05-07', 'DBT', 'DBT1104', 1, 'PTC/M18/DBT/07', 'ihs', NULL, '2020-10-29 03:08:12', '201805071ful'),
(172, 0, 0, 0, 0, NULL, '2018-05-07', NULL, 'ICT1101', 1, 'PTC/M18/DBT/07', 'ihs', NULL, '2020-10-29 03:08:12', '201805071ful'),
(173, 0, 0, 0, 0, 'A', '2018-05-07', 'DBT', 'DBT1106', 1, 'PTC/M18/DBT/07', 'ihs', NULL, '2020-10-29 03:08:12', '201805071ful'),
(174, 0, 0, 0, 0, NULL, '2018-05-07', 'DBT', 'DBT1101', 1, 'PTC/M18/DBT/12', 'ihs', NULL, '2020-10-29 03:08:12', '201805071ful'),
(175, 0, 0, 0, 0, NULL, '2018-05-07', 'DBT', 'DBT1102', 1, 'PTC/M18/DBT/12', 'ihs', NULL, '2020-10-29 03:08:12', '201805071ful'),
(176, 0, 0, 0, 0, NULL, '2018-05-07', 'DBT', 'DBT1103', 1, 'PTC/M18/DBT/12', 'ihs', NULL, '2020-10-29 03:08:12', '201805071ful'),
(177, 0, 0, 0, 0, 'A', '2018-05-07', 'DBT', 'DBT1104', 1, 'PTC/M18/DBT/12', 'ihs', NULL, '2020-10-29 03:08:12', '201805071ful'),
(178, 0, 0, 0, 0, 'B+', '2018-05-07', 'DBT', 'DBT1106', 1, 'PTC/M18/DBT/12', 'ihs', NULL, '2020-10-29 03:08:12', '201805071ful'),
(179, 0, 0, 0, 0, NULL, '2018-05-07', NULL, 'ICT1101', 1, 'PTC/M18/DBT/12', 'ihs', NULL, '2020-10-29 03:08:12', '201805071ful'),
(180, 0, 0, 0, 0, 'B-', '2018-05-07', 'DBT', 'DBT1201', 2, 'PTC/M18/DBT/06', 'ihs', NULL, '2020-10-29 03:08:12', '201805072ful'),
(181, 0, 0, 0, 0, 'B', '2018-05-07', 'DBT', 'DBT1202', 2, 'PTC/M18/DBT/06', 'ihs', NULL, '2020-10-29 03:08:12', '201805072ful'),
(182, 0, 0, 0, 0, 'A', '2018-05-07', 'DBT', 'DBT1203', 2, 'PTC/M18/DBT/06', 'ihs', NULL, '2020-10-29 03:08:12', '201805072ful'),
(183, 0, 0, 0, 0, 'C+', '2018-05-07', 'DBT', 'DBT1204', 2, 'PTC/M18/DBT/06', 'ihs', NULL, '2020-10-29 03:08:12', '201805072ful'),
(184, 0, 0, 0, 0, 'B-', '2018-05-07', 'DBT', 'DBT1205', 2, 'PTC/M18/DBT/06', 'ihs', NULL, '2020-10-29 03:08:12', '201805072ful'),
(185, 0, 0, 0, 0, 'B+', '2018-05-07', 'DBT', 'DBT1206', 2, 'PTC/M18/DBT/06', 'ihs', NULL, '2020-10-29 03:08:12', '201805072ful'),
(186, 0, 0, 0, 0, 'B-', '2018-05-07', 'DBT', 'DBT1201', 2, 'PTC/A18/DBT/10', 'ihs', NULL, '2020-10-29 03:08:12', '201805072ful'),
(187, 0, 0, 0, 0, 'A', '2018-05-07', 'DBT', 'DBT1202', 2, 'PTC/A18/DBT/10', 'ihs', NULL, '2020-10-29 03:08:12', '201805072ful'),
(188, 0, 0, 0, 0, 'C+', '2018-05-07', 'DBT', 'DBT1203', 2, 'PTC/A18/DBT/10', 'ihs', NULL, '2020-10-29 03:08:12', '201805072ful'),
(189, 0, 0, 0, 0, 'A', '2018-05-07', 'DBT', 'DBT1204', 2, 'PTC/A18/DBT/10', 'ihs', NULL, '2020-10-29 03:08:12', '201805072ful'),
(190, 0, 0, 0, 0, 'B', '2018-05-07', 'DBT', 'DBT1205', 2, 'PTC/A18/DBT/10', 'ihs', NULL, '2020-10-29 03:08:12', '201805072ful'),
(191, 0, 0, 0, 0, 'A', '2018-05-07', 'DBT', 'DBT1206', 2, 'PTC/A18/DBT/10', 'ihs', NULL, '2020-10-29 03:08:12', '201805072ful'),
(192, 0, 0, 0, 0, 'B-', '2018-05-07', 'DBT', 'DBT1201', 2, 'PTC/M18/DBT/04', 'ihs', NULL, '2020-10-29 03:08:12', '201805072ful'),
(193, 0, 0, 0, 0, 'A', '2018-05-07', 'DBT', 'DBT1202', 2, 'PTC/M18/DBT/04', 'ihs', NULL, '2020-10-29 03:08:12', '201805072ful'),
(194, 0, 0, 0, 0, 'A', '2018-05-07', 'DBT', 'DBT1203', 2, 'PTC/M18/DBT/04', 'ihs', NULL, '2020-10-29 03:08:12', '201805072ful'),
(195, 0, 0, 0, 0, 'B', '2018-05-07', 'DBT', 'DBT1204', 2, 'PTC/M18/DBT/04', 'ihs', NULL, '2020-10-29 03:08:12', '201805072ful'),
(196, 0, 0, 0, 0, 'B-', '2018-05-07', 'DBT', 'DBT1205', 2, 'PTC/M18/DBT/04', 'ihs', NULL, '2020-10-29 03:08:12', '201805072ful'),
(197, 0, 0, 0, 0, 'B+', '2018-05-07', 'DBT', 'DBT1206', 2, 'PTC/M18/DBT/04', 'ihs', NULL, '2020-10-29 03:08:12', '201805072ful'),
(198, 0, 0, 0, 0, 'C+', '2018-05-07', 'DBT', 'DBT1201', 2, 'PTC/M18/DBT/11', 'ihs', NULL, '2020-10-29 03:08:12', '201805072ful'),
(199, 0, 0, 0, 0, 'A', '2018-05-07', 'DBT', 'DBT1202', 2, 'PTC/M18/DBT/11', 'ihs', NULL, '2020-10-29 03:08:12', '201805072ful'),
(200, 0, 0, 0, 0, 'B', '2018-05-07', 'DBT', 'DBT1203', 2, 'PTC/M18/DBT/11', 'ihs', NULL, '2020-10-29 03:08:12', '201805072ful'),
(201, 0, 0, 0, 0, 'A', '2018-05-07', 'DBT', 'DBT1204', 2, 'PTC/M18/DBT/11', 'ihs', NULL, '2020-10-29 03:08:12', '201805072ful'),
(202, 0, 0, 0, 0, 'C+', '2018-05-07', 'DBT', 'DBT1205', 2, 'PTC/M18/DBT/11', 'ihs', NULL, '2020-10-29 03:08:12', '201805072ful'),
(203, 0, 0, 0, 0, 'A', '2018-05-07', 'DBT', 'DBT1206', 2, 'PTC/M18/DBT/11', 'ihs', NULL, '2020-10-29 03:08:12', '201805072ful'),
(204, 0, 0, 0, 0, 'C-', '2018-05-07', 'DBT', 'DBT1201', 2, 'PTC/M18/DBT/13', 'ihs', NULL, '2020-10-29 03:08:12', '201805072ful'),
(205, 0, 0, 0, 0, 'B+', '2018-05-07', 'DBT', 'DBT1202', 2, 'PTC/M18/DBT/13', 'ihs', NULL, '2020-10-29 03:08:12', '201805072ful'),
(206, 0, 0, 0, 0, 'B-', '2018-05-07', 'DBT', 'DBT1203', 2, 'PTC/M18/DBT/13', 'ihs', NULL, '2020-10-29 03:08:12', '201805072ful'),
(207, 0, 0, 0, 0, 'A', '2018-05-07', 'DBT', 'DBT1204', 2, 'PTC/M18/DBT/13', 'ihs', NULL, '2020-10-29 03:08:12', '201805072ful'),
(208, 0, 0, 0, 0, 'C', '2018-05-07', 'DBT', 'DBT1205', 2, 'PTC/M18/DBT/13', 'ihs', NULL, '2020-10-29 03:08:12', '201805072ful'),
(209, 0, 0, 0, 0, 'B', '2018-05-07', 'DBT', 'DBT1206', 2, 'PTC/M18/DBT/13', 'ihs', NULL, '2020-10-29 03:08:12', '201805072ful'),
(210, 0, 0, 0, 0, 'B', '2018-05-07', 'DBT', 'DBT1201', 2, 'PTC/M18/DBT/10', 'ihs', NULL, '2020-10-29 03:08:12', '201805072ful'),
(211, 0, 0, 0, 0, 'B+', '2018-05-07', 'DBT', 'DBT1202', 2, 'PTC/M18/DBT/10', 'ihs', NULL, '2020-10-29 03:08:12', '201805072ful'),
(212, 0, 0, 0, 0, 'B', '2018-05-07', 'DBT', 'DBT1203', 2, 'PTC/M18/DBT/10', 'ihs', NULL, '2020-10-29 03:08:12', '201805072ful'),
(213, 0, 0, 0, 0, 'B', '2018-05-07', 'DBT', 'DBT1204', 2, 'PTC/M18/DBT/10', 'ihs', NULL, '2020-10-29 03:08:12', '201805072ful'),
(214, 0, 0, 0, 0, 'B-', '2018-05-07', 'DBT', 'DBT1205', 2, 'PTC/M18/DBT/10', 'ihs', NULL, '2020-10-29 03:08:12', '201805072ful'),
(215, 0, 0, 0, 0, 'A', '2018-05-07', 'DBT', 'DBT1206', 2, 'PTC/M18/DBT/10', 'ihs', NULL, '2020-10-29 03:08:12', '201805072ful'),
(216, 0, 0, 0, 0, 'B-', '2018-05-07', 'DBT', 'DBT1201', 2, 'PTC/M18/DBT/09', 'ihs', NULL, '2020-10-29 03:08:12', '201805072ful'),
(217, 0, 0, 0, 0, 'B-', '2018-05-07', 'DBT', 'DBT1202', 2, 'PTC/M18/DBT/09', 'ihs', NULL, '2020-10-29 03:08:12', '201805072ful'),
(218, 0, 0, 0, 0, 'B', '2018-05-07', 'DBT', 'DBT1203', 2, 'PTC/M18/DBT/09', 'ihs', NULL, '2020-10-29 03:08:12', '201805072ful'),
(219, 0, 0, 0, 0, 'A', '2018-05-07', 'DBT', 'DBT1204', 2, 'PTC/M18/DBT/09', 'ihs', NULL, '2020-10-29 03:08:12', '201805072ful'),
(220, 0, 0, 0, 0, 'B-', '2018-05-07', 'DBT', 'DBT1205', 2, 'PTC/M18/DBT/09', 'ihs', NULL, '2020-10-29 03:08:12', '201805072ful'),
(221, 0, 0, 0, 0, 'A', '2018-05-07', 'DBT', 'DBT1206', 2, 'PTC/M18/DBT/09', 'ihs', NULL, '2020-10-29 03:08:12', '201805072ful'),
(222, 0, 0, 0, 0, 'B+', '2018-05-07', 'DBT', 'DBT1201', 2, 'PTC/M18/DBT/14', 'ihs', NULL, '2020-10-29 03:08:12', '201805072ful'),
(223, 0, 0, 0, 0, 'A', '2018-05-07', 'DBT', 'DBT1202', 2, 'PTC/M18/DBT/14', 'ihs', NULL, '2020-10-29 03:08:12', '201805072ful'),
(224, 0, 0, 0, 0, 'A', '2018-05-07', 'DBT', 'DBT1203', 2, 'PTC/M18/DBT/14', 'ihs', NULL, '2020-10-29 03:08:12', '201805072ful'),
(225, 0, 0, 0, 0, 'A', '2018-05-07', 'DBT', 'DBT1204', 2, 'PTC/M18/DBT/14', 'ihs', NULL, '2020-10-29 03:08:12', '201805072ful'),
(226, 0, 0, 0, 0, 'B+', '2018-05-07', 'DBT', 'DBT1205', 2, 'PTC/M18/DBT/14', 'ihs', NULL, '2020-10-29 03:08:12', '201805072ful'),
(227, 0, 0, 0, 0, 'B+', '2018-05-07', 'DBT', 'DBT1206', 2, 'PTC/M18/DBT/14', 'ihs', NULL, '2020-10-29 03:08:12', '201805072ful'),
(228, 0, 0, 0, 0, 'B', '2018-05-07', 'DBT', 'DBT2104', 3, 'PTC/M18/DBT/06', 'ihs', NULL, '2020-10-29 03:08:12', '201805073ful'),
(229, 0, 0, 0, 0, 'B', '2018-05-07', 'DBT', 'DBT2104', 3, 'PTC/M18/DBT/11', 'ihs', NULL, '2020-10-29 03:08:12', '201805073ful'),
(230, 0, 0, 0, 0, 'B', '2018-05-07', 'DBT', 'DBT2104', 3, 'PTC/M18/DBT/03', 'ihs', NULL, '2020-10-29 03:08:12', '201805073ful'),
(231, 0, 0, 0, 0, 'A', '2018-05-07', 'DBT', 'DBT2104', 3, 'PTC/M18/DBT/04', 'ihs', NULL, '2020-10-29 03:08:12', '201805073ful'),
(232, 0, 0, 0, 0, 'B', '2018-05-07', 'DBT', 'DBT2104', 3, 'PTC/M18/DBT/13', 'ihs', NULL, '2020-10-29 03:08:12', '201805073ful'),
(233, 0, 0, 0, 0, 'B', '2018-05-07', 'DBT', 'DBT2104', 3, 'PTC/M18/DBT/07', 'ihs', NULL, '2020-10-29 03:08:12', '201805073ful'),
(234, 0, 0, 0, 0, 'B-', '2018-05-07', 'DBT', 'DBT2104', 3, 'PTC/M18/DBT/10', 'ihs', NULL, '2020-10-29 03:08:12', '201805073ful'),
(235, 0, 0, 0, 0, 'C', '2018-05-07', 'DBT', 'DBT2104', 3, 'PTC/M18/DBT/09', 'ihs', NULL, '2020-10-29 03:08:12', '201805073ful'),
(236, 0, 0, 0, 0, 'A', '2018-05-07', 'DBT', 'DBT2104', 3, 'PTC/M18/DBT/14', 'ihs', NULL, '2020-10-29 03:08:12', '201805073ful'),
(237, 0, 0, 0, 0, 'B', '2018-05-07', 'DBT', 'DBT2102', 3, 'PTC/M18/DBT/06', 'ihs', NULL, '2020-10-29 03:08:12', '201805073ful'),
(238, 0, 0, 0, 0, 'B+', '2018-05-07', 'DBT', 'DBT2102', 3, 'PTC/M18/DBT/03', 'ihs', NULL, '2020-10-29 03:08:12', '201805073ful'),
(239, 0, 0, 0, 0, 'A', '2018-05-07', 'DBT', 'DBT2102', 3, 'PTC/M18/DBT/04', 'ihs', NULL, '2020-10-29 03:08:12', '201805073ful'),
(240, 0, 0, 0, 0, 'B+', '2018-05-07', 'DBT', 'DBT2102', 3, 'PTC/M18/DBT/11', 'ihs', NULL, '2020-10-29 03:08:12', '201805073ful'),
(241, 0, 0, 0, 0, 'B', '2018-05-07', 'DBT', 'DBT2102', 3, 'PTC/M18/DBT/13', 'ihs', NULL, '2020-10-29 03:08:12', '201805073ful'),
(242, 0, 0, 0, 0, 'A', '2018-05-07', 'DBT', 'DBT2102', 3, 'PTC/M18/DBT/07', 'ihs', NULL, '2020-10-29 03:08:12', '201805073ful'),
(243, 0, 0, 0, 0, 'A', '2018-05-07', 'DBT', 'DBT2102', 3, 'PTC/A18/CCM/08', 'ihs', NULL, '2020-10-29 03:08:12', '201805073ful'),
(244, 0, 0, 0, 0, 'A', '2018-05-07', 'DBT', 'DBT2102', 3, 'PTC/M18/DBT/09', 'ihs', NULL, '2020-10-29 03:08:12', '201805073ful'),
(245, 0, 0, 0, 0, NULL, '2018-05-07', 'DBT', 'DBT2102', 3, 'PTC/M18/DBT/14', 'ihs', NULL, '2020-10-29 03:08:12', '201805073ful'),
(246, 0, 0, 0, 0, 'B+', '2018-05-07', 'DBT', 'DBT2103', 3, 'PTC/M18/DBT/06', 'ihs', NULL, '2020-10-29 03:08:12', '201805073ful'),
(247, 0, 0, 0, 0, 'A', '2018-05-07', 'DBT', 'DBT2103', 3, 'PTC/M18/DBT/03', 'ihs', NULL, '2020-10-29 03:08:12', '201805073ful'),
(248, 0, 0, 0, 0, 'A', '2018-05-07', 'DBT', 'DBT2103', 3, 'PTC/M18/DBT/04', 'ihs', NULL, '2020-10-29 03:08:12', '201805073ful'),
(249, 0, 0, 0, 0, 'B+', '2018-05-07', 'DBT', 'DBT2103', 3, 'PTC/M18/DBT/13', 'ihs', NULL, '2020-10-29 03:08:12', '201805073ful'),
(250, 0, 0, 0, 0, 'A', '2018-05-07', 'DBT', 'DBT2103', 3, 'PTC/M18/DBT/07', 'ihs', NULL, '2020-10-29 03:08:12', '201805073ful'),
(251, 0, 0, 0, 0, 'A', '2018-05-07', 'DBT', 'DBT2103', 3, 'PTC/M18/DBT/10', 'ihs', NULL, '2020-10-29 03:08:12', '201805073ful'),
(252, 0, 0, 0, 0, 'A', '2018-05-07', 'DBT', 'DBT2103', 3, 'PTC/M18/DBT/14', 'ihs', NULL, '2020-10-29 03:08:12', '201805073ful'),
(253, 0, 0, 0, 0, 'A', '2018-05-07', 'DBT', 'DBT2103', 3, 'PTC/M18/DBT/09', 'ihs', NULL, '2020-10-29 03:08:12', '201805073ful'),
(254, 0, 0, 0, 0, 'A', '2018-05-07', 'DBT', 'DBT2103', 3, 'PTC/M18/DBT/11', 'ihs', NULL, '2020-10-29 03:08:12', '201805073ful'),
(255, 0, 0, 0, 0, 'B+', '2018-05-07', 'DBT', 'DBT2106', 3, 'PTC/M18/DBT/06', 'ihs', NULL, '2020-10-29 03:08:12', '201805073ful'),
(256, 0, 0, 0, 0, 'B', '2018-05-07', 'DBT', 'DBT2105', 3, 'PTC/M18/DBT/03', 'ihs', NULL, '2020-10-29 03:08:12', '201805073ful'),
(257, 0, 0, 0, 0, 'B', '2018-05-07', 'DBT', 'DBT2105', 3, 'PTC/M18/DBT/04', 'ihs', NULL, '2020-10-29 03:08:12', '201805073ful'),
(258, 0, 0, 0, 0, 'B', '2018-05-07', 'DBT', 'DBT2105', 3, 'PTC/M18/DBT/11', 'ihs', NULL, '2020-10-29 03:08:12', '201805073ful'),
(259, 0, 0, 0, 0, 'A', '2018-05-07', 'DBT', 'DBT2105', 3, 'PTC/M18/DBT/13', 'ihs', NULL, '2020-10-29 03:08:12', '201805073ful'),
(260, 0, 0, 0, 0, 'A', '2018-05-07', 'DBT', 'DBT2105', 3, 'PTC/M18/DBT/07', 'ihs', NULL, '2020-10-29 03:08:12', '201805073ful'),
(261, 0, 0, 0, 0, 'A', '2018-05-07', 'DBT', 'DBT2105', 3, 'PTC/M18/DBT/10', 'ihs', NULL, '2020-10-29 03:08:12', '201805073ful'),
(262, 0, 0, 0, 0, 'A', '2018-05-07', 'DBT', 'DBT2105', 3, 'PTC/A18/DBT/11', 'ihs', NULL, '2020-10-29 03:08:12', '201805073ful'),
(263, 0, 0, 0, 0, 'A', '2018-05-07', 'DBT', 'DBT2105', 3, 'PTC/M18/DBT/09', 'ihs', NULL, '2020-10-29 03:08:12', '201805073ful'),
(264, 0, 0, 0, 0, 'A', '2018-05-07', 'DBT', 'DBT2105', 3, 'PTC/M18/DBT/06', 'ihs', NULL, '2020-10-29 03:08:12', '201805073ful'),
(265, 0, 0, 0, 0, 'B', '2018-05-07', 'DBT', 'DBT2106', 3, 'PTC/M18/DBT/03', 'ihs', NULL, '2020-10-29 03:08:12', '201805073ful'),
(266, 0, 0, 0, 0, 'B+', '2018-05-07', 'DBT', 'DBT2106', 3, 'PTC/M18/DBT/04', 'ihs', NULL, '2020-10-29 03:08:12', '201805073ful'),
(267, 0, 0, 0, 0, 'B', '2018-05-07', 'DBT', 'DBT2106', 3, 'PTC/M18/DBT/11', 'ihs', NULL, '2020-10-29 03:08:12', '201805073ful'),
(268, 0, 0, 0, 0, 'B+', '2018-05-07', 'DBT', 'DBT2106', 3, 'PTC/M18/DBT/13', 'ihs', NULL, '2020-10-29 03:08:12', '201805073ful'),
(269, 0, 0, 0, 0, 'B+', '2018-05-07', 'DBT', 'DBT2106', 3, 'PTC/M18/DBT/07', 'ihs', NULL, '2020-10-29 03:08:12', '201805073ful'),
(270, 0, 0, 0, 0, 'A', '2018-05-07', 'DBT', 'DBT2106', 3, 'PTC/M18/DBT/10', 'ihs', NULL, '2020-10-29 03:08:12', '201805073ful'),
(271, 0, 0, 0, 0, 'A', '2018-05-07', 'DBT', 'DBT2106', 3, 'PTC/M18/DBT/09', 'ihs', NULL, '2020-10-29 03:08:12', '201805073ful'),
(272, 0, 0, 0, 0, 'A', '2018-05-07', 'DBT', 'DBT2106', 3, 'PTC/M18/DBT/14', 'ihs', NULL, '2020-10-29 03:08:12', '201805073ful'),
(273, 0, 0, 0, 0, 'B', '2018-05-07', 'DBT', 'DBT2202', 4, 'PTC/M18/DBT/06', 'ihs', NULL, '2020-10-29 03:08:12', '201805074ful'),
(274, 0, 0, 0, 0, 'B', '2018-05-07', 'DBT', 'DBT2202', 4, 'PTC/A18/DBT/10', 'ihs', NULL, '2020-10-29 03:08:12', '201805074ful'),
(275, 0, 0, 0, 0, 'B-', '2018-05-07', 'DBT', 'DBT2202', 4, 'PTC/M18/DBT/13', 'ihs', NULL, '2020-10-29 03:08:12', '201805074ful'),
(276, 0, 0, 0, 0, 'B+', '2018-05-07', 'DBT', 'DBT2202', 4, 'PTC/M18/DBT/04', 'ihs', NULL, '2020-10-29 03:08:12', '201805074ful'),
(277, 0, 0, 0, 0, 'B', '2018-05-07', 'DBT', 'DBT2202', 4, 'PTC/M18/DBT/11', 'ihs', NULL, '2020-10-29 03:08:12', '201805074ful'),
(278, 0, 0, 0, 0, 'B-', '2018-05-07', 'DBT', 'DBT2202', 4, 'PTC/M18/DBT/10', 'ihs', NULL, '2020-10-29 03:08:12', '201805074ful'),
(279, 0, 0, 0, 0, 'B-', '2018-05-07', 'DBT', 'DBT2202', 4, 'PTC/M18/DBT/09', 'ihs', NULL, '2020-10-29 03:08:12', '201805074ful'),
(280, 0, 0, 0, 0, 'A', '2018-05-07', 'DBT', 'DBT2202', 4, 'PTC/M18/DBT/14', 'ihs', NULL, '2020-10-29 03:08:12', '201805074ful'),
(281, 0, 0, 0, 0, 'B', '2018-08-06', 'DBT', 'DBT1201', 2, 'PTC/A18/DBT/11', 'ihs', NULL, '2020-10-29 03:08:12', '201808062ful'),
(282, 0, 0, 0, 0, 'B-', '2018-08-06', 'DBT', 'DBT1201', 2, 'PTC/A18/DBT/09', 'ihs', NULL, '2020-10-29 03:08:12', '201808062ful'),
(283, 0, 0, 0, 0, 'A', '2018-08-06', 'DBT', 'DBT1201', 2, 'PTC/A18/DBT/02', 'ihs', NULL, '2020-10-29 03:08:12', '201808062ful'),
(284, 0, 0, 0, 0, 'C-', '2018-08-06', 'DBT', 'DBT1201', 2, 'PTC/A18/DBT/10', 'ihs', NULL, '2020-10-29 03:08:12', '201808062ful'),
(285, 0, 0, 0, 0, NULL, '2018-08-06', 'DBT', 'DBT1201', 2, 'PTC/A18/DBT/04', 'ihs', NULL, '2020-10-29 03:08:12', '201808062ful'),
(286, 0, 0, 0, 0, 'B', '2018-08-06', 'DBT', 'DBT1201', 2, 'PTC/A18/DBT/05', 'ihs', NULL, '2020-10-29 03:08:12', '201808062ful'),
(287, 0, 0, 0, 0, 'B-', '2018-08-06', 'DBT', 'DBT1202', 2, 'PTC/A18/DBT/11', 'ihs', NULL, '2020-10-29 03:08:12', '201808062ful'),
(288, 0, 0, 0, 0, 'B-', '2018-08-06', 'DBT', 'DBT1202', 2, 'PTC/A18/DBT/09', 'ihs', NULL, '2020-10-29 03:08:12', '201808062ful'),
(289, 0, 0, 0, 0, 'A', '2018-08-06', 'DBT', 'DBT1202', 2, 'PTC/A18/DBT/04', 'ihs', NULL, '2020-10-29 03:08:12', '201808062ful'),
(290, 0, 0, 0, 0, 'B+', '2018-08-06', 'DBT', 'DBT1202', 2, 'PTC/A18/DBT/02', 'ihs', NULL, '2020-10-29 03:08:12', '201808062ful'),
(291, 0, 0, 0, 0, 'B-', '2018-08-06', 'DBT', 'DBT1202', 2, 'PTC/A18/DBT/10', 'ihs', NULL, '2020-10-29 03:08:12', '201808062ful'),
(292, 0, 0, 0, 0, 'B-', '2018-08-06', 'DBT', 'DBT1202', 2, 'PTC/A18/DBT/05', 'ihs', NULL, '2020-10-29 03:08:12', '201808062ful'),
(293, 0, 0, 0, 0, 'A', '2018-08-06', 'DBT', 'DBT1203', 2, 'PTC/A18/DBT/11', 'ihs', NULL, '2020-10-29 03:08:12', '201808062ful'),
(294, 0, 0, 0, 0, 'B+', '2018-08-06', 'DBT', 'DBT1203', 2, 'PTC/A18/DBT/09', 'ihs', NULL, '2020-10-29 03:08:12', '201808062ful'),
(295, 0, 0, 0, 0, NULL, '2018-08-06', 'DBT', 'DBT1203', 2, 'PTC/A18/DBT/04', 'ihs', NULL, '2020-10-29 03:08:12', '201808062ful'),
(296, 0, 0, 0, 0, 'A', '2018-08-06', 'DBT', 'DBT1203', 2, 'PTC/A18/DBT/02', 'ihs', NULL, '2020-10-29 03:08:12', '201808062ful'),
(297, 0, 0, 0, 0, NULL, '2018-08-06', 'DBT', 'DBT1203', 2, 'PTC/A18/DBT/10', 'ihs', NULL, '2020-10-29 03:08:12', '201808062ful'),
(298, 0, 0, 0, 0, 'B', '2018-08-06', 'DBT', 'DBT1203', 2, 'PTC/A18/DBT/05', 'ihs', NULL, '2020-10-29 03:08:12', '201808062ful'),
(299, 0, 0, 0, 0, 'A', '2018-08-06', 'DBT', 'DBT1204', 2, 'PTC/A18/DBT/11', 'ihs', NULL, '2020-10-29 03:08:12', '201808062ful'),
(300, 0, 0, 0, 0, 'A', '2018-08-06', 'DBT', 'DBT1204', 2, 'PTC/A18/DBT/09', 'ihs', NULL, '2020-10-29 03:08:12', '201808062ful'),
(301, 0, 0, 0, 0, 'B', '2018-08-06', 'DBT', 'DBT1204', 2, 'PTC/A18/DBT/04', 'ihs', NULL, '2020-10-29 03:08:12', '201808062ful'),
(302, 0, 0, 0, 0, 'A', '2018-08-06', 'DBT', 'DBT1204', 2, 'PTC/A18/DBT/02', 'ihs', NULL, '2020-10-29 03:08:12', '201808062ful'),
(303, 0, 0, 0, 0, NULL, '2018-08-06', 'DBT', 'DBT1204', 2, 'PTC/A18/DBT/10', 'ihs', NULL, '2020-10-29 03:08:12', '201808062ful'),
(304, 0, 0, 0, 0, 'B', '2018-08-06', 'DBT', 'DBT1204', 2, 'PTC/A18/DBT/05', 'ihs', NULL, '2020-10-29 03:08:12', '201808062ful'),
(305, 0, 0, 0, 0, 'B-', '2018-08-06', 'DBT', 'DBT1205', 2, 'PTC/A18/DBT/11', 'ihs', NULL, '2020-10-29 03:08:12', '201808062ful'),
(306, 0, 0, 0, 0, 'B+', '2018-08-06', 'DBT', 'DBT1205', 2, 'PTC/A18/DBT/09', 'ihs', NULL, '2020-10-29 03:08:12', '201808062ful'),
(307, 0, 0, 0, 0, NULL, '2018-08-06', 'DBT', 'DBT1205', 2, 'PTC/A18/DBT/04', 'ihs', NULL, '2020-10-29 03:08:12', '201808062ful'),
(308, 0, 0, 0, 0, 'A', '2018-08-06', 'DBT', 'DBT1205', 2, 'PTC/A18/DBT/02', 'ihs', NULL, '2020-10-29 03:08:12', '201808062ful'),
(309, 0, 0, 0, 0, 'B', '2018-08-06', 'DBT', 'DBT1205', 2, 'PTC/A18/DBT/10', 'ihs', NULL, '2020-10-29 03:08:12', '201808062ful'),
(310, 0, 0, 0, 0, 'B-', '2018-08-06', 'DBT', 'DBT1205', 2, 'PTC/A18/DBT/05', 'ihs', NULL, '2020-10-29 03:08:12', '201808062ful'),
(311, 0, 0, 0, 0, 'A', '2018-08-06', 'DBT', 'DBT1206', 2, 'PTC/A18/DBT/11', 'ihs', NULL, '2020-10-29 03:08:12', '201808062ful'),
(312, 0, 0, 0, 0, 'A', '2018-08-06', 'DBT', 'DBT1206', 2, 'PTC/A18/DBT/09', 'ihs', NULL, '2020-10-29 03:08:12', '201808062ful'),
(313, 0, 0, 0, 0, 'A', '2018-08-06', 'DBT', 'DBT1206', 2, 'PTC/A18/DBT/04', 'ihs', NULL, '2020-10-29 03:08:12', '201808062ful'),
(314, 0, 0, 0, 0, 'A', '2018-08-06', 'DBT', 'DBT1206', 2, 'PTC/A18/DBT/02', 'ihs', NULL, '2020-10-29 03:08:12', '201808062ful'),
(315, 0, 0, 0, 0, NULL, '2018-08-06', 'DBT', 'DBT1206', 2, 'PTC/A18/DBT/10', 'ihs', NULL, '2020-10-29 03:08:12', '201808062ful'),
(316, 0, 0, 0, 0, 'B', '2018-08-06', 'DBT', 'DBT1206', 2, 'PTC/A18/DBT/05', 'ihs', NULL, '2020-10-29 03:08:12', '201808062ful'),
(317, 0, 0, 0, 0, 'A', '2018-08-06', 'DBT', 'DBT2101', 3, 'PTC/A18/DBT/11', 'ihs', NULL, '2020-10-29 03:08:12', '201808063ful'),
(318, 0, 0, 0, 0, 'B-', '2018-08-06', 'DBT', 'DBT2101', 3, 'PTC/A18/DBT/09', 'ihs', NULL, '2020-10-29 03:08:12', '201808063ful'),
(319, 0, 0, 0, 0, 'A', '2018-08-06', 'DBT', 'DBT2101', 3, 'PTC/A18/DBT/04', 'ihs', NULL, '2020-10-29 03:08:12', '201808063ful'),
(320, 0, 0, 0, 0, 'A', '2018-08-06', 'DBT', 'DBT2101', 3, 'PTC/A18/DBT/02', 'ihs', NULL, '2020-10-29 03:08:12', '201808063ful'),
(321, 0, 0, 0, 0, 'B', '2018-08-06', 'DBT', 'DBT2101', 3, 'PTC/A18/DBT/10', 'ihs', NULL, '2020-10-29 03:08:12', '201808063ful'),
(322, 0, 0, 0, 0, 'B+', '2018-08-06', 'DBT', 'DBT2101', 3, 'PTC/A18/DBT/05', 'ihs', NULL, '2020-10-29 03:08:12', '201808063ful'),
(323, 0, 0, 0, 0, 'B', '2018-08-06', 'DBT', 'DBT2102', 3, 'PTC/A18/DBT/11', 'ihs', NULL, '2020-10-29 03:08:12', '201808063ful'),
(324, 0, 0, 0, 0, 'A', '2018-08-06', 'DBT', 'DBT2102', 3, 'PTC/A18/DBT/09', 'ihs', NULL, '2020-10-29 03:08:12', '201808063ful'),
(325, 0, 0, 0, 0, 'B', '2018-08-06', 'DBT', 'DBT2102', 3, 'PTC/A18/DBT/04', 'ihs', NULL, '2020-10-29 03:08:12', '201808063ful'),
(326, 0, 0, 0, 0, 'A', '2018-08-06', 'DBT', 'DBT2102', 3, 'PTC/A18/DBT/02', 'ihs', NULL, '2020-10-29 03:08:12', '201808063ful'),
(327, 0, 0, 0, 0, NULL, '2018-08-06', 'DBT', 'DBT2102', 3, 'PTC/A18/DBT/10', 'ihs', NULL, '2020-10-29 03:08:12', '201808063ful'),
(328, 0, 0, 0, 0, 'A', '2018-08-06', 'DBT', 'DBT2102', 3, 'PTC/A18/DBT/05', 'ihs', NULL, '2020-10-29 03:08:12', '201808063ful'),
(329, 0, 0, 0, 0, 'A', '2018-08-06', 'DBT', 'DBT2103', 3, 'PTC/A18/DBT/11', 'ihs', NULL, '2020-10-29 03:08:12', '201808063ful'),
(330, 0, 0, 0, 0, 'B', '2018-08-06', 'DBT', 'DBT2103', 3, 'PTC/A18/DBT/09', 'ihs', NULL, '2020-10-29 03:08:12', '201808063ful'),
(331, 0, 0, 0, 0, 'A', '2018-08-06', 'DBT', 'DBT2103', 3, 'PTC/A18/DBT/04', 'ihs', NULL, '2020-10-29 03:08:12', '201808063ful'),
(332, 0, 0, 0, 0, 'A', '2018-08-06', 'DBT', 'DBT2103', 3, 'PTC/A18/DBT/02', 'ihs', NULL, '2020-10-29 03:08:12', '201808063ful'),
(333, 0, 0, 0, 0, NULL, '2018-08-06', 'DBT', 'DBT2103', 3, 'PTC/A18/DBT/10', 'ihs', NULL, '2020-10-29 03:08:12', '201808063ful'),
(334, 0, 0, 0, 0, 'A', '2018-08-06', 'DBT', 'DBT2103', 3, 'PTC/A18/DBT/05', 'ihs', NULL, '2020-10-29 03:08:12', '201808063ful'),
(335, 0, 0, 0, 0, 'B+', '2018-08-06', 'DBT', 'DBT2104', 3, 'PTC/A18/DBT/11', 'ihs', NULL, '2020-10-29 03:08:12', '201808063ful'),
(336, 0, 0, 0, 0, 'C', '2018-08-06', 'DBT', 'DBT2104', 3, 'PTC/A18/DBT/09', 'ihs', NULL, '2020-10-29 03:08:12', '201808063ful'),
(337, 0, 0, 0, 0, 'C-', '2018-08-06', 'DBT', 'DBT2104', 3, 'PTC/A18/DBT/04', 'ihs', NULL, '2020-10-29 03:08:12', '201808063ful'),
(338, 0, 0, 0, 0, 'B', '2018-08-06', 'DBT', 'DBT2104', 3, 'PTC/A18/DBT/02', 'ihs', NULL, '2020-10-29 03:08:12', '201808063ful'),
(339, 0, 0, 0, 0, NULL, '2018-08-06', 'DBT', 'DBT2104', 3, 'PTC/A18/DBT/10', 'ihs', NULL, '2020-10-29 03:08:12', '201808063ful'),
(340, 0, 0, 0, 0, 'B-', '2018-08-06', 'DBT', 'DBT2104', 3, 'PTC/A18/DBT/05', 'ihs', NULL, '2020-10-29 03:08:12', '201808063ful'),
(341, 0, 0, 0, 0, 'B+', '2018-08-06', 'DBT', 'DBT2105', 3, 'PTC/A18/DBT/11', 'ihs', NULL, '2020-10-29 03:08:12', '201808063ful'),
(342, 0, 0, 0, 0, 'B', '2018-08-06', 'DBT', 'DBT2105', 3, 'PTC/A18/DBT/09', 'ihs', NULL, '2020-10-29 03:08:12', '201808063ful'),
(343, 0, 0, 0, 0, NULL, '2018-08-06', 'DBT', 'DBT2105', 3, 'PTC/A18/DBT/04', 'ihs', NULL, '2020-10-29 03:08:12', '201808063ful'),
(344, 0, 0, 0, 0, 'B', '2018-08-06', 'DBT', 'DBT2105', 3, 'PTC/A18/DBT/02', 'ihs', NULL, '2020-10-29 03:08:12', '201808063ful'),
(345, 0, 0, 0, 0, 'B', '2018-08-06', 'DBT', 'DBT2105', 3, 'PTC/A18/DBT/10', 'ihs', NULL, '2020-10-29 03:08:12', '201808063ful'),
(346, 0, 0, 0, 0, 'B', '2018-08-06', 'DBT', 'DBT2105', 3, 'PTC/A18/DBT/05', 'ihs', NULL, '2020-10-29 03:08:12', '201808063ful'),
(347, 0, 0, 0, 0, 'B+', '2018-08-06', 'DBT', 'DBT2106', 3, 'PTC/A18/DBT/11', 'ihs', NULL, '2020-10-29 03:08:12', '201808063ful'),
(348, 0, 0, 0, 0, 'A', '2018-08-06', 'DBT', 'DBT2106', 3, 'PTC/A18/DBT/09', 'ihs', NULL, '2020-10-29 03:08:12', '201808063ful'),
(349, 0, 0, 0, 0, NULL, '2018-08-06', 'DBT', 'DBT2106', 3, 'PTC/A18/DBT/04', 'ihs', NULL, '2020-10-29 03:08:12', '201808063ful'),
(350, 0, 0, 0, 0, 'A', '2018-08-06', 'DBT', 'DBT2106', 3, 'PTC/A18/DBT/02', 'ihs', NULL, '2020-10-29 03:08:12', '201808063ful'),
(351, 0, 0, 0, 0, NULL, '2018-08-06', 'DBT', 'DBT2106', 3, 'PTC/A18/DBT/10', 'ihs', NULL, '2020-10-29 03:08:12', '201808063ful'),
(352, 0, 0, 0, 0, NULL, '2018-08-06', 'DBT', 'DBT2106', 3, 'PTC/A18/DBT/05', 'ihs', NULL, '2020-10-29 03:08:12', '201808063ful'),
(353, 0, 0, 0, 0, 'B', '2018-08-06', 'DBT', 'DBT2201', 4, 'PTC/A18/DBT/11', 'ihs', NULL, '2020-10-29 03:08:12', '201808064ful'),
(354, 0, 0, 0, 0, 'C', '2018-08-06', 'DBT', 'DBT2201', 4, 'PTC/A18/DBT/09', 'ihs', NULL, '2020-10-29 03:08:12', '201808064ful'),
(355, 0, 0, 0, 0, NULL, '2018-08-06', 'DBT', 'DBT2201', 4, 'PTC/A18/DBT/04', 'ihs', NULL, '2020-10-29 03:08:12', '201808064ful'),
(356, 0, 0, 0, 0, 'B+', '2018-08-06', 'DBT', 'DBT2201', 4, 'PTC/A18/DBT/02', 'ihs', NULL, '2020-10-29 03:08:12', '201808064ful'),
(357, 0, 0, 0, 0, NULL, '2018-08-06', 'DBT', 'DBT2201', 4, 'PTC/A18/DBT/10', 'ihs', NULL, '2020-10-29 03:08:12', '201808064ful'),
(358, 0, 0, 0, 0, 'C+', '2018-08-06', 'DBT', 'DBT2201', 4, 'PTC/A18/DBT/05', 'ihs', NULL, '2020-10-29 03:08:12', '201808064ful'),
(359, 0, 0, 0, 0, 'A', '2018-08-06', 'DBT', 'DBT2202', 4, 'PTC/A18/DBT/11', 'ihs', NULL, '2020-10-29 03:08:12', '201808064ful'),
(360, 0, 0, 0, 0, 'B', '2018-08-06', 'DBT', 'DBT2202', 4, 'PTC/A18/DBT/09', 'ihs', NULL, '2020-10-29 03:08:12', '201808064ful'),
(361, 0, 0, 0, 0, NULL, '2018-08-06', 'DBT', 'DBT2202', 4, 'PTC/A18/DBT/04', 'ihs', NULL, '2020-10-29 03:08:12', '201808064ful'),
(362, 0, 0, 0, 0, 'B', '2018-08-06', 'DBT', 'DBT2202', 4, 'PTC/A18/DBT/02', 'ihs', NULL, '2020-10-29 03:08:12', '201808064ful'),
(363, 0, 0, 0, 0, NULL, '2018-08-06', 'DBT', 'DBT2202', 4, 'PTC/A18/DBT/10', 'ihs', NULL, '2020-10-29 03:08:12', '201808064ful'),
(364, 0, 0, 0, 0, 'B+', '2018-08-06', 'DBT', 'DBT2202', 4, 'PTC/A18/DBT/05', 'ihs', NULL, '2020-10-29 03:08:12', '201808064ful'),
(365, 0, 0, 0, 0, NULL, '2018-08-06', 'DBT', 'DBT2203', 4, 'PTC/A18/DBT/11', 'ihs', NULL, '2020-10-29 03:08:12', '201808064ful'),
(366, 0, 0, 0, 0, NULL, '2018-08-06', 'DBT', 'DBT2203', 4, 'PTC/A18/DBT/09', 'ihs', NULL, '2020-10-29 03:08:12', '201808064ful'),
(367, 0, 0, 0, 0, NULL, '2018-08-06', 'DBT', 'DBT2203', 4, 'PTC/A18/DBT/04', 'ihs', NULL, '2020-10-29 03:08:12', '201808064ful'),
(368, 0, 0, 0, 0, NULL, '2018-08-06', 'DBT', 'DBT2203', 4, 'PTC/A18/DBT/02', 'ihs', NULL, '2020-10-29 03:08:12', '201808064ful'),
(369, 0, 0, 0, 0, NULL, '2018-08-06', 'DBT', 'DBT2203', 4, 'PTC/A18/DBT/10', 'ihs', NULL, '2020-10-29 03:08:12', '201808064ful'),
(370, 0, 0, 0, 0, NULL, '2018-08-06', 'DBT', 'DBT2203', 4, 'PTC/A18/DBT/05', 'ihs', NULL, '2020-10-29 03:08:12', '201808064ful'),
(371, 0, 0, 0, 0, NULL, '2018-08-06', 'DBT', 'DBT2204', 4, 'PTC/A18/DBT/11', 'ihs', NULL, '2020-10-29 03:08:12', '201808064ful'),
(372, 0, 0, 0, 0, NULL, '2018-08-06', 'DBT', 'DBT2204', 4, 'PTC/A18/DBT/09', 'ihs', NULL, '2020-10-29 03:08:12', '201808064ful'),
(373, 0, 0, 0, 0, NULL, '2018-08-06', 'DBT', 'DBT2204', 4, 'PTC/A18/DBT/04', 'ihs', NULL, '2020-10-29 03:08:12', '201808064ful'),
(374, 0, 0, 0, 0, NULL, '2018-08-06', 'DBT', 'DBT2204', 4, 'PTC/A18/DBT/02', 'ihs', NULL, '2020-10-29 03:08:12', '201808064ful'),
(375, 0, 0, 0, 0, NULL, '2018-08-06', 'DBT', 'DBT2204', 4, 'PTC/A18/DBT/10', 'ihs', NULL, '2020-10-29 03:08:12', '201808064ful'),
(376, 0, 0, 0, 0, NULL, '2018-08-06', 'DBT', 'DBT2204', 4, 'PTC/A18/DBT/05', 'ihs', NULL, '2020-10-29 03:08:12', '201808064ful'),
(377, 0, 0, 0, 0, NULL, '2018-08-06', 'DBT', 'DBT2205', 4, 'PTC/A18/DBT/11', 'ihs', NULL, '2020-10-29 03:08:12', '201808064ful'),
(378, 0, 0, 0, 0, NULL, '2018-08-06', 'DBT', 'DBT2205', 4, 'PTC/A18/DBT/09', 'ihs', NULL, '2020-10-29 03:08:12', '201808064ful'),
(379, 0, 0, 0, 0, NULL, '2018-08-06', 'DBT', 'DBT2205', 4, 'PTC/A18/DBT/04', 'ihs', NULL, '2020-10-29 03:08:12', '201808064ful'),
(380, 0, 0, 0, 0, NULL, '2018-08-06', 'DBT', 'DBT2205', 4, 'PTC/A18/DBT/02', 'ihs', NULL, '2020-10-29 03:08:12', '201808064ful'),
(381, 0, 0, 0, 0, NULL, '2018-08-06', 'DBT', 'DBT2205', 4, 'PTC/A18/DBT/10', 'ihs', NULL, '2020-10-29 03:08:12', '201808064ful'),
(382, 0, 0, 0, 0, NULL, '2018-08-06', 'DBT', 'DBT2205', 4, 'PTC/A18/DBT/05', 'ihs', NULL, '2020-10-29 03:08:12', '201808064ful'),
(383, 0, 0, 0, 0, NULL, '2020-01-06', 'DBT', 'DBT1101', 1, 'PTC/J20/DBT/05', 'ihs', NULL, '2020-10-29 03:08:12', '202001061ful'),
(384, 0, 0, 0, 0, NULL, '2020-01-06', 'DBT', 'DBT1102', 1, 'PTC/J20/DBT/14', 'ihs', NULL, '2020-10-29 03:08:12', '202001061ful'),
(385, 0, 0, 0, 0, NULL, '2020-01-06', 'DBT', 'DBT1102', 1, 'PTC/J20/DBT/11', 'ihs', NULL, '2020-10-29 03:08:12', '202001061ful'),
(386, 0, 0, 0, 0, NULL, '2020-01-06', 'CCM', 'CCM1102', 1, 'PTC/J20/CCM/05', 'ihs', NULL, '2020-10-29 03:08:12', '202001061ful'),
(387, 0, 0, 0, 0, NULL, '2020-01-06', 'CCM', 'CCM1102', 1, 'PTC/J20/CCM/08', 'ihs', NULL, '2020-10-29 03:08:12', '202001061ful'),
(388, 0, 0, 0, 0, NULL, '2020-01-06', 'CCM', 'CCM1102', 1, 'PTC/J20/CCM/03', 'ihs', NULL, '2020-10-29 03:08:12', '202001061ful'),
(389, 0, 0, 0, 0, NULL, '2020-01-06', 'DBT', 'DBT1102', 1, 'PTC/J20/DBT/12', 'ihs', NULL, '2020-10-29 03:08:12', '202001061ful'),
(390, 0, 0, 0, 0, NULL, '2020-01-06', 'DBT', 'DBT1102', 1, 'PTC/J20/DBT/04', 'ihs', NULL, '2020-10-29 03:08:12', '202001061ful'),
(391, 0, 0, 0, 0, NULL, '2020-01-06', 'DBT', 'DBT1102', 1, 'PTC/J20/DBT/08', 'ihs', NULL, '2020-10-29 03:08:12', '202001061ful');
INSERT INTO `marks` (`markNum`, `courseWork`, `midExam`, `finalExam`, `totalmark`, `gradeCode`, `intakeDate`, `courseCode`, `courseUnitCode`, `semesterNum`, `studentId`, `updatedBy`, `adminId`, `updateTimestamp`, `semesterDateCode`) VALUES
(392, 0, 0, 0, 0, NULL, '2020-01-06', 'DBT', 'DBT1102', 1, 'PTC/J20/DBT/01', 'ihs', NULL, '2020-10-29 03:08:12', '202001061ful'),
(393, 0, 0, 0, 0, NULL, '2020-01-06', 'DBT', 'DBT1102', 1, 'PTC/J20/DBT/05', 'ihs', NULL, '2020-10-29 03:08:12', '202001061ful'),
(394, 0, 0, 0, 0, NULL, '2020-01-06', 'DBT', 'DBT1102', 1, 'PTC/J20/DBT/15', 'ihs', NULL, '2020-10-29 03:08:12', '202001061ful'),
(395, 0, 0, 0, 0, NULL, '2020-01-06', 'CCM', 'CCM1102', 1, 'PTC/J20/CCM/10', 'ihs', NULL, '2020-10-29 03:08:12', '202001061ful'),
(396, 0, 0, 0, 0, NULL, '2020-01-06', 'CCM', 'CCM1102', 1, 'PTC/J20/CCM/06', 'ihs', NULL, '2020-10-29 03:08:12', '202001061ful'),
(397, 0, 0, 0, 0, NULL, '2020-01-06', 'CCM', 'CCM1102', 1, 'PTC/J20/CCM/04', 'ihs', NULL, '2020-10-29 03:08:12', '202001061ful'),
(398, 0, 0, 0, 0, NULL, '2020-01-06', 'CCM', 'CCM1102', 1, 'PTC/J20/CCM/09', 'ihs', NULL, '2020-10-29 03:08:12', '202001061ful'),
(399, 0, 0, 0, 0, NULL, '2020-01-06', 'DBT', 'DBT1102', 1, 'PTC/J20/DBT/03', 'ihs', NULL, '2020-10-29 03:08:12', '202001061ful'),
(400, 0, 0, 0, 0, NULL, '2020-01-06', 'DBT', 'DBT1102', 1, 'PTC/J20/DBT/07', 'ihs', NULL, '2020-10-29 03:08:12', '202001061ful'),
(401, 0, 0, 0, 0, NULL, '2020-01-06', 'DBT', 'DBT1102', 1, 'PTC/J20/DBT/02', 'ihs', NULL, '2020-10-29 03:08:12', '202001061ful'),
(402, 0, 0, 0, 0, NULL, '2020-01-06', 'DBT', 'DBT1102', 1, 'PTC/J20/DBT/06', 'ihs', NULL, '2020-10-29 03:08:12', '202001061ful'),
(403, 0, 0, 0, 0, NULL, '2020-01-06', 'DBT', 'DBT1102', 1, 'PTC/J20/DBT/09', 'ihs', NULL, '2020-10-29 03:08:12', '202001061ful'),
(404, 0, 0, 0, 0, NULL, '2020-01-06', 'DBT', 'DBT1102', 1, 'PTC/J20/DBT/13', 'ihs', NULL, '2020-10-29 03:08:12', '202001061ful'),
(405, 0, 0, 0, 0, NULL, '2020-01-06', 'CCM', 'CCM1102', 1, 'PTC/J20/CCM/07', 'ihs', NULL, '2020-10-29 03:08:12', '202001061ful'),
(406, 0, 0, 0, 0, NULL, '2020-01-06', 'CCM', 'CCM1103', 1, 'PTC/J20/CCM/05', 'ihs', NULL, '2020-10-29 03:08:12', '202001061ful'),
(407, 0, 0, 0, 0, NULL, '2020-01-06', 'CCM', 'CCM1102', 1, 'PTC/J20/CCM/01', 'ihs', NULL, '2020-10-29 03:08:12', '202001061ful'),
(408, 0, 0, 0, 0, NULL, '2020-01-06', 'CCM', 'CCM1103', 1, 'PTC/J20/CCM/08', 'ihs', NULL, '2020-10-29 03:08:12', '202001061ful'),
(409, 0, 0, 0, 0, NULL, '2020-01-06', 'CCM', 'CCM1103', 1, 'PTC/J20/CCM/03', 'ihs', NULL, '2020-10-29 03:08:12', '202001061ful'),
(410, 0, 0, 0, 0, NULL, '2020-01-06', 'CCM', 'CCM1103', 1, 'PTC/J20/CCM/10', 'ihs', NULL, '2020-10-29 03:08:12', '202001061ful'),
(411, 0, 0, 0, 0, NULL, '2020-01-06', 'CCM', 'CCM1103', 1, 'PTC/J20/CCM/06', 'ihs', NULL, '2020-10-29 03:08:12', '202001061ful'),
(412, 0, 0, 0, 0, NULL, '2020-01-06', 'CCM', 'CCM1103', 1, 'PTC/J20/CCM/04', 'ihs', NULL, '2020-10-29 03:08:12', '202001061ful'),
(413, 0, 0, 0, 0, NULL, '2020-01-06', 'CCM', 'CCM1103', 1, 'PTC/J20/CCM/09', 'ihs', NULL, '2020-10-29 03:08:12', '202001061ful'),
(414, 0, 0, 0, 0, NULL, '2020-01-06', 'CCM', 'CCM1103', 1, 'PTC/J20/CCM/07', 'ihs', NULL, '2020-10-29 03:08:12', '202001061ful'),
(415, 0, 0, 0, 0, NULL, '2020-01-06', 'CCM', 'CCM1103', 1, 'PTC/J20/CCM/01', 'ihs', NULL, '2020-10-29 03:08:12', '202001061ful'),
(416, 0, 0, 0, 0, NULL, '2020-01-06', 'DBT', 'DBT1103', 1, 'PTC/J20/DBT/15', 'ihs', NULL, '2020-10-29 03:08:12', '202001061ful'),
(417, 0, 0, 0, 0, NULL, '2020-01-06', 'DBT', 'DBT1103', 1, 'PTC/J20/DBT/14', 'ihs', NULL, '2020-10-29 03:08:12', '202001061ful'),
(418, 0, 0, 0, 0, NULL, '2020-01-06', 'DBT', 'DBT1103', 1, 'PTC/J20/DBT/03', 'ihs', NULL, '2020-10-29 03:08:12', '202001061ful'),
(419, 0, 0, 0, 0, NULL, '2020-01-06', 'DBT', 'DBT1103', 1, 'PTC/J20/DBT/11', 'ihs', NULL, '2020-10-29 03:08:12', '202001061ful'),
(420, 0, 0, 0, 0, NULL, '2020-01-06', 'DBT', 'DBT1103', 1, 'PTC/J20/DBT/07', 'ihs', NULL, '2020-10-29 03:08:12', '202001061ful'),
(421, 0, 0, 0, 0, NULL, '2020-01-06', 'DBT', 'DBT1103', 1, 'PTC/J20/DBT/12', 'ihs', NULL, '2020-10-29 03:08:12', '202001061ful'),
(422, 0, 0, 0, 0, NULL, '2020-01-06', 'DBT', 'DBT1103', 1, 'PTC/J20/DBT/02', 'ihs', NULL, '2020-10-29 03:08:12', '202001061ful'),
(423, 0, 0, 0, 0, NULL, '2020-01-06', 'DBT', 'DBT1103', 1, 'PTC/J20/DBT/04', 'ihs', NULL, '2020-10-29 03:08:12', '202001061ful'),
(424, 0, 0, 0, 0, NULL, '2020-01-06', 'DBT', 'DBT1103', 1, 'PTC/J20/DBT/06', 'ihs', NULL, '2020-10-29 03:08:12', '202001061ful'),
(425, 0, 0, 0, 0, NULL, '2020-01-06', 'DBT', 'DBT1103', 1, 'PTC/J20/DBT/08', 'ihs', NULL, '2020-10-29 03:08:12', '202001061ful'),
(426, 0, 0, 0, 0, NULL, '2020-01-06', 'DBT', 'DBT1103', 1, 'PTC/J20/DBT/09', 'ihs', NULL, '2020-10-29 03:08:12', '202001061ful'),
(427, 0, 0, 0, 0, NULL, '2020-01-06', 'DBT', 'DBT1103', 1, 'PTC/J20/DBT/01', 'ihs', NULL, '2020-10-29 03:08:12', '202001061ful'),
(428, 0, 0, 0, 0, NULL, '2020-01-06', 'DBT', 'DBT1103', 1, 'PTC/J20/DBT/13', 'ihs', NULL, '2020-10-29 03:08:12', '202001061ful'),
(429, 0, 0, 0, 0, NULL, '2020-01-06', 'DBT', 'DBT1103', 1, 'PTC/J20/DBT/05', 'ihs', NULL, '2020-10-29 03:08:12', '202001061ful'),
(430, 0, 0, 0, 0, NULL, '2020-01-06', 'CCM', 'CCM1101', 1, 'PTC/J20/CCM/05', 'ihs', NULL, '2020-10-29 03:08:12', '202001061ful'),
(431, 0, 0, 0, 0, NULL, '2020-01-06', 'CCM', 'CCM1101', 1, 'PTC/J20/CCM/08', 'ihs', NULL, '2020-10-29 03:08:12', '202001061ful'),
(432, 0, 0, 0, 0, NULL, '2020-01-06', 'CCM', 'CCM1101', 1, 'PTC/J20/CCM/03', 'ihs', NULL, '2020-10-29 03:08:12', '202001061ful'),
(433, 0, 0, 0, 0, NULL, '2020-01-06', 'CCM', 'CCM1101', 1, 'PTC/J20/CCM/10', 'ihs', NULL, '2020-10-29 03:08:12', '202001061ful'),
(434, 0, 0, 0, 0, NULL, '2020-01-06', 'CCM', 'CCM1101', 1, 'PTC/J20/CCM/06', 'ihs', NULL, '2020-10-29 03:08:12', '202001061ful'),
(435, 0, 0, 0, 0, NULL, '2020-01-06', 'CCM', 'CCM1101', 1, 'PTC/J20/CCM/04', 'ihs', NULL, '2020-10-29 03:08:12', '202001061ful'),
(436, 0, 0, 0, 0, NULL, '2020-01-06', 'CCM', 'CCM1101', 1, 'PTC/J20/CCM/09', 'ihs', NULL, '2020-10-29 03:08:12', '202001061ful'),
(437, 0, 0, 0, 0, NULL, '2020-01-06', 'CCM', 'CCM1101', 1, 'PTC/J20/CCM/07', 'ihs', NULL, '2020-10-29 03:08:12', '202001061ful'),
(438, 0, 0, 0, 0, NULL, '2020-01-06', 'CCM', 'CCM1101', 1, 'PTC/J20/CCM/01', 'ihs', NULL, '2020-10-29 03:08:12', '202001061ful'),
(439, 0, 0, 0, 0, NULL, '2020-01-06', 'DBT', 'DBT1101', 1, 'PTC/J20/DBT/15', 'ihs', NULL, '2020-10-29 03:08:12', '202001061ful'),
(440, 0, 0, 0, 0, NULL, '2020-01-06', 'DBT', 'DBT1101', 1, 'PTC/J20/DBT/14', 'ihs', NULL, '2020-10-29 03:08:12', '202001061ful'),
(441, 0, 0, 0, 0, NULL, '2020-01-06', 'DBT', 'DBT1101', 1, 'PTC/J20/DBT/03', 'ihs', NULL, '2020-10-29 03:08:12', '202001061ful'),
(442, 0, 0, 0, 0, NULL, '2020-01-06', 'DBT', 'DBT1101', 1, 'PTC/J20/DBT/11', 'ihs', NULL, '2020-10-29 03:08:12', '202001061ful'),
(443, 0, 0, 0, 0, NULL, '2020-01-06', 'DBT', 'DBT1101', 1, 'PTC/J20/DBT/07', 'ihs', NULL, '2020-10-29 03:08:12', '202001061ful'),
(444, 0, 0, 0, 0, NULL, '2020-01-06', 'DBT', 'DBT1101', 1, 'PTC/J20/DBT/12', 'ihs', NULL, '2020-10-29 03:08:12', '202001061ful'),
(445, 0, 0, 0, 0, NULL, '2020-01-06', 'DBT', 'DBT1101', 1, 'PTC/J20/DBT/02', 'ihs', NULL, '2020-10-29 03:08:12', '202001061ful'),
(446, 0, 0, 0, 0, NULL, '2020-01-06', 'DBT', 'DBT1101', 1, 'PTC/J20/DBT/04', 'ihs', NULL, '2020-10-29 03:08:12', '202001061ful'),
(447, 0, 0, 0, 0, NULL, '2020-01-06', 'DBT', 'DBT1101', 1, 'PTC/J20/DBT/06', 'ihs', NULL, '2020-10-29 03:08:12', '202001061ful'),
(448, 0, 0, 0, 0, NULL, '2020-01-06', 'DBT', 'DBT1101', 1, 'PTC/J20/DBT/08', 'ihs', NULL, '2020-10-29 03:08:12', '202001061ful'),
(449, 0, 0, 0, 0, NULL, '2020-01-06', 'DBT', 'DBT1101', 1, 'PTC/J20/DBT/09', 'ihs', NULL, '2020-10-29 03:08:12', '202001061ful'),
(450, 0, 0, 0, 0, NULL, '2020-01-06', 'DBT', 'DBT1101', 1, 'PTC/J20/DBT/01', 'ihs', NULL, '2020-10-29 03:08:12', '202001061ful'),
(451, 0, 0, 0, 0, NULL, '2020-01-06', 'DBT', 'DBT1101', 1, 'PTC/J20/DBT/13', 'ihs', NULL, '2020-10-29 03:08:12', '202001061ful'),
(452, 0, 0, 0, 0, NULL, '2020-01-06', 'CCM', 'CCM1104', 1, 'PTC/J20/CCM/05', 'ihs', NULL, '2020-10-29 03:08:12', '202001061ful'),
(453, 0, 0, 0, 0, NULL, '2020-01-06', 'CCM', 'CCM1104', 1, 'PTC/J20/CCM/08', 'ihs', NULL, '2020-10-29 03:08:12', '202001061ful'),
(454, 0, 0, 0, 0, NULL, '2020-01-06', 'CCM', 'CCM1104', 1, 'PTC/J20/CCM/03', 'ihs', NULL, '2020-10-29 03:08:12', '202001061ful'),
(455, 0, 0, 0, 0, NULL, '2020-01-06', 'CCM', 'CCM1104', 1, 'PTC/J20/CCM/10', 'ihs', NULL, '2020-10-29 03:08:12', '202001061ful'),
(456, 0, 0, 0, 0, NULL, '2020-01-06', 'CCM', 'CCM1104', 1, 'PTC/J20/CCM/06', 'ihs', NULL, '2020-10-29 03:08:12', '202001061ful'),
(457, 0, 0, 0, 0, NULL, '2020-01-06', 'CCM', 'CCM1104', 1, 'PTC/J20/CCM/04', 'ihs', NULL, '2020-10-29 03:08:12', '202001061ful'),
(458, 0, 0, 0, 0, NULL, '2020-01-06', 'CCM', 'CCM1104', 1, 'PTC/J20/CCM/09', 'ihs', NULL, '2020-10-29 03:08:12', '202001061ful'),
(459, 0, 0, 0, 0, NULL, '2020-01-06', 'CCM', 'CCM1104', 1, 'PTC/J20/CCM/07', 'ihs', NULL, '2020-10-29 03:08:12', '202001061ful'),
(460, 0, 0, 0, 0, NULL, '2020-01-06', 'CCM', 'CCM1104', 1, 'PTC/J20/CCM/01', 'ihs', NULL, '2020-10-29 03:08:12', '202001061ful'),
(461, 0, 0, 0, 0, NULL, '2020-01-06', 'DBT', 'DBT1104', 1, 'PTC/J20/DBT/15', 'ihs', NULL, '2020-10-29 03:08:12', '202001061ful'),
(462, 0, 0, 0, 0, NULL, '2020-01-06', 'DBT', 'DBT1104', 1, 'PTC/J20/DBT/14', 'ihs', NULL, '2020-10-29 03:08:12', '202001061ful'),
(463, 0, 0, 0, 0, NULL, '2020-01-06', 'DBT', 'DBT1104', 1, 'PTC/J20/DBT/03', 'ihs', NULL, '2020-10-29 03:08:12', '202001061ful'),
(464, 0, 0, 0, 0, NULL, '2020-01-06', 'DBT', 'DBT1104', 1, 'PTC/J20/DBT/11', 'ihs', NULL, '2020-10-29 03:08:12', '202001061ful'),
(465, 0, 0, 0, 0, NULL, '2020-01-06', 'DBT', 'DBT1104', 1, 'PTC/J20/DBT/07', 'ihs', NULL, '2020-10-29 03:08:12', '202001061ful'),
(466, 0, 0, 0, 0, NULL, '2020-01-06', 'DBT', 'DBT1104', 1, 'PTC/J20/DBT/12', 'ihs', NULL, '2020-10-29 03:08:12', '202001061ful'),
(467, 0, 0, 0, 0, NULL, '2020-01-06', 'DBT', 'DBT1104', 1, 'PTC/J20/DBT/02', 'ihs', NULL, '2020-10-29 03:08:12', '202001061ful'),
(468, 0, 0, 0, 0, NULL, '2020-01-06', 'DBT', 'DBT1104', 1, 'PTC/J20/DBT/04', 'ihs', NULL, '2020-10-29 03:08:12', '202001061ful'),
(469, 0, 0, 0, 0, NULL, '2020-01-06', 'DBT', 'DBT1104', 1, 'PTC/J20/DBT/06', 'ihs', NULL, '2020-10-29 03:08:12', '202001061ful'),
(470, 0, 0, 0, 0, NULL, '2020-01-06', 'DBT', 'DBT1104', 1, 'PTC/J20/DBT/08', 'ihs', NULL, '2020-10-29 03:08:12', '202001061ful'),
(471, 0, 0, 0, 0, NULL, '2020-01-06', 'DBT', 'DBT1104', 1, 'PTC/J20/DBT/09', 'ihs', NULL, '2020-10-29 03:08:12', '202001061ful'),
(472, 0, 0, 0, 0, NULL, '2020-01-06', 'DBT', 'DBT1104', 1, 'PTC/J20/DBT/01', 'ihs', NULL, '2020-10-29 03:08:12', '202001061ful'),
(473, 0, 0, 0, 0, NULL, '2020-01-06', 'DBT', 'DBT1104', 1, 'PTC/J20/DBT/13', 'ihs', NULL, '2020-10-29 03:08:12', '202001061ful'),
(474, 0, 0, 0, 0, NULL, '2020-01-06', 'DBT', 'DBT1104', 1, 'PTC/J20/DBT/05', 'ihs', NULL, '2020-10-29 03:08:12', '202001061ful'),
(475, 0, 0, 0, 0, NULL, '2020-01-06', 'CIT', 'CIT1101', 1, 'PTC/J20/CCM/05', 'ihs', NULL, '2020-10-29 03:08:12', '202001061ful'),
(476, 0, 0, 0, 0, NULL, '2020-01-06', 'CIT', 'CIT1101', 1, 'PTC/J20/CCM/08', 'ihs', NULL, '2020-10-29 03:08:12', '202001061ful'),
(477, 0, 0, 0, 0, NULL, '2020-01-06', 'CIT', 'CIT1101', 1, 'PTC/J20/CCM/03', 'ihs', NULL, '2020-10-29 03:08:12', '202001061ful'),
(478, 0, 0, 0, 0, NULL, '2020-01-06', 'CIT', 'CIT1101', 1, 'PTC/J20/DBT/15', 'ihs', NULL, '2020-10-29 03:08:12', '202001061ful'),
(479, 0, 0, 0, 0, NULL, '2020-01-06', 'CIT', 'CIT1101', 1, 'PTC/J20/DBT/14', 'ihs', NULL, '2020-10-29 03:08:12', '202001061ful'),
(480, 0, 0, 0, 0, NULL, '2020-01-06', 'CIT', 'CIT1101', 1, 'PTC/J20/DBT/03', 'ihs', NULL, '2020-10-29 03:08:12', '202001061ful'),
(481, 0, 0, 0, 0, NULL, '2020-01-06', 'CIT', 'CIT1101', 1, 'PTC/J20/DBT/11', 'ihs', NULL, '2020-10-29 03:08:12', '202001061ful'),
(482, 0, 0, 0, 0, NULL, '2020-01-06', 'CIT', 'CIT1101', 1, 'PTC/J20/DBT/07', 'ihs', NULL, '2020-10-29 03:08:12', '202001061ful'),
(483, 0, 0, 0, 0, NULL, '2020-01-06', 'CIT', 'CIT1101', 1, 'PTC/J20/DBT/12', 'ihs', NULL, '2020-10-29 03:08:12', '202001061ful'),
(484, 0, 0, 0, 0, NULL, '2020-01-06', 'CIT', 'CIT1101', 1, 'PTC/J20/CCM/10', 'ihs', NULL, '2020-10-29 03:08:12', '202001061ful'),
(485, 0, 0, 0, 0, NULL, '2020-01-06', 'CIT', 'CIT1101', 1, 'PTC/J20/CCM/06', 'ihs', NULL, '2020-10-29 03:08:12', '202001061ful'),
(486, 0, 0, 0, 0, NULL, '2020-01-06', 'CIT', 'CIT1101', 1, 'PTC/J20/CCM/04', 'ihs', NULL, '2020-10-29 03:08:12', '202001061ful'),
(487, 0, 0, 0, 0, NULL, '2020-01-06', 'CIT', 'CIT1101', 1, 'PTC/J20/CCM/09', 'ihs', NULL, '2020-10-29 03:08:12', '202001061ful'),
(488, 0, 0, 0, 0, NULL, '2020-01-06', 'CIT', 'CIT1101', 1, 'PTC/J20/DBT/02', 'ihs', NULL, '2020-10-29 03:08:12', '202001061ful'),
(489, 0, 0, 0, 0, NULL, '2020-01-06', 'CIT', 'CIT1101', 1, 'PTC/J20/DBT/04', 'ihs', NULL, '2020-10-29 03:08:12', '202001061ful'),
(490, 0, 0, 0, 0, NULL, '2020-01-06', 'CIT', 'CIT1101', 1, 'PTC/J20/DBT/06', 'ihs', NULL, '2020-10-29 03:08:12', '202001061ful'),
(491, 0, 0, 0, 0, NULL, '2020-01-06', 'CIT', 'CIT1101', 1, 'PTC/J20/DBT/08', 'ihs', NULL, '2020-10-29 03:08:12', '202001061ful'),
(492, 0, 0, 0, 0, NULL, '2020-01-06', 'CIT', 'CIT1101', 1, 'PTC/J20/DBT/09', 'ihs', NULL, '2020-10-29 03:08:12', '202001061ful'),
(493, 0, 0, 0, 0, NULL, '2020-01-06', 'CIT', 'CIT1101', 1, 'J20DBT/10', 'ihs', NULL, '2020-10-29 03:08:12', '202001061ful'),
(494, 0, 0, 0, 0, NULL, '2020-01-06', 'CIT', 'CIT1101', 1, 'PTC/J20/CCM/07', 'ihs', NULL, '2020-10-29 03:08:12', '202001061ful'),
(495, 0, 0, 0, 0, NULL, '2020-01-06', 'CIT', 'CIT1101', 1, 'PTC/J20/DBT/01', 'ihs', NULL, '2020-10-29 03:08:12', '202001061ful'),
(496, 0, 0, 0, 0, NULL, '2020-01-06', 'CIT', 'CIT1101', 1, 'PTC/J20/CCM/01', 'ihs', NULL, '2020-10-29 03:08:12', '202001061ful'),
(497, 0, 0, 0, 0, NULL, '2020-01-06', 'CIT', 'CIT1101', 1, 'PTC/J20/DBT/13', 'ihs', NULL, '2020-10-29 03:08:12', '202001061ful'),
(498, 0, 0, 0, 0, NULL, '2020-01-06', 'CIT', 'CIT1101', 1, 'PTC/J20/DBT/05', 'ihs', NULL, '2020-10-29 03:08:12', '202001061ful'),
(499, 0, 0, 0, 0, 'B+', '2019-01-07', 'CCM', 'CCM1101', 1, 'PTC/J19/CCM/02', 'ihs', NULL, '2020-10-29 03:08:12', '201901071ful'),
(500, 0, 0, 0, 0, 'C+', '2019-01-07', 'CCM', 'CCM1101', 1, 'PTC/J19/CCM/01', 'ihs', NULL, '2020-10-29 03:08:12', '201901071ful'),
(501, 0, 0, 0, 0, 'C-', '2019-01-07', 'CCM', 'CCM1101', 1, 'PTC/J19/CCM/03', 'ihs', NULL, '2020-10-29 03:08:12', '201901071ful'),
(502, 0, 0, 0, 0, 'B', '2019-01-07', 'DBT', 'DBT1101', 1, 'PTC/J19/DBT/09', 'ihs', NULL, '2020-10-29 03:08:12', '201901071ful'),
(503, 0, 0, 0, 0, 'A', '2019-01-07', 'DBT', 'DBT1101', 1, 'PTC/J19/DBT/10', 'ihs', NULL, '2020-10-29 03:08:12', '201901071ful'),
(504, 0, 0, 0, 0, 'A', '2019-01-07', 'DBT', 'DBT1101', 1, 'PTC/J19/DBT/02', 'ihs', NULL, '2020-10-29 03:08:12', '201901071ful'),
(505, 0, 0, 0, 0, 'A', '2019-01-07', 'DBT', 'DBT1101', 1, 'PTC/J19/DBT/05', 'ihs', NULL, '2020-10-29 03:08:12', '201901071ful'),
(506, 0, 0, 0, 0, 'B+', '2019-01-07', 'DBT', 'DBT1101', 1, 'PTC/J19/DBT/12', 'ihs', NULL, '2020-10-29 03:08:12', '201901071ful'),
(507, 0, 0, 0, 0, 'C', '2019-01-07', 'DBT', 'DBT1101', 1, 'PTC/J19/DBT/15', 'ihs', NULL, '2020-10-29 03:08:12', '201901071ful'),
(508, 0, 0, 0, 0, 'B-', '2019-01-07', 'DBT', 'DBT1101', 1, 'PTC/J19/DBT/13', 'ihs', NULL, '2020-10-29 03:08:12', '201901071ful'),
(509, 0, 0, 0, 0, 'B+', '2019-01-07', 'DBT', 'DBT1101', 1, 'PTC/J19/DBT/04', 'ihs', NULL, '2020-10-29 03:08:12', '201901071ful'),
(510, 0, 0, 0, 0, 'C-', '2019-01-07', 'DBT', 'DBT1101', 1, 'PTC/J19/DBT/08', 'ihs', NULL, '2020-10-29 03:08:12', '201901071ful'),
(511, 0, 0, 0, 0, 'A', '2019-01-07', 'DBT', 'DBT1101', 1, 'PTC/J19/DBT/17', 'ihs', NULL, '2020-10-29 03:08:12', '201901071ful'),
(512, 0, 0, 0, 0, 'A', '2019-01-07', 'DBT', 'DBT1101', 1, 'PTC/J19/DBT/06', 'ihs', NULL, '2020-10-29 03:08:12', '201901071ful'),
(513, 0, 0, 0, 0, 'B-', '2019-01-07', 'DBT', 'DBT1101', 1, 'PTC/J19/DBT/11', 'ihs', NULL, '2020-10-29 03:08:12', '201901071ful'),
(514, 0, 0, 0, 0, 'B+', '2019-01-07', 'DBT', 'DBT1101', 1, 'PTC/J19/DBT/01', 'ihs', NULL, '2020-10-29 03:08:12', '201901071ful'),
(515, 0, 0, 0, 0, 'A', '2019-01-07', 'DBT', 'DBT1101', 1, 'PTC/J19/DBT/16', 'ihs', NULL, '2020-10-29 03:08:12', '201901071ful'),
(516, 0, 0, 0, 0, 'B', '2019-01-07', 'DBT', 'DBT1101', 1, 'PTC/J19/DBT/03', 'ihs', NULL, '2020-10-29 03:08:12', '201901071ful'),
(517, 0, 0, 0, 0, 'B-', '2019-01-07', 'DBT', 'DBT1101', 1, 'PTC/J19/DBT/14', 'ihs', NULL, '2020-10-29 03:08:12', '201901071ful'),
(518, 0, 0, 0, 0, NULL, '2019-01-07', 'CIT', 'CIT1101', 1, 'PTC/J19/CCM/02', 'ihs', NULL, '2020-10-29 03:08:12', '201901071ful'),
(519, 0, 0, 0, 0, NULL, '2019-01-07', 'CIT', 'CIT1101', 1, 'PTC/J19/DBT/09', 'ihs', NULL, '2020-10-29 03:08:12', '201901071ful'),
(520, 0, 0, 0, 0, NULL, '2019-01-07', 'CIT', 'CIT1101', 1, 'PTC/J19/DBT/10', 'ihs', NULL, '2020-10-29 03:08:12', '201901071ful'),
(521, 0, 0, 0, 0, NULL, '2019-01-07', 'CIT', 'CIT1101', 1, 'PTC/J19/DBT/02', 'ihs', NULL, '2020-10-29 03:08:12', '201901071ful'),
(522, 0, 0, 0, 0, NULL, '2019-01-07', 'CIT', 'CIT1101', 1, 'PTC/J19/DBT/05', 'ihs', NULL, '2020-10-29 03:08:12', '201901071ful'),
(523, 0, 0, 0, 0, NULL, '2019-01-07', 'CIT', 'CIT1101', 1, 'PTC/J19/DBT/12', 'ihs', NULL, '2020-10-29 03:08:12', '201901071ful'),
(524, 0, 0, 0, 0, NULL, '2019-01-07', 'CIT', 'CIT1101', 1, 'PTC/J19/DBT/07', 'ihs', NULL, '2020-10-29 03:08:12', '201901071ful'),
(525, 0, 0, 0, 0, NULL, '2019-01-07', 'CIT', 'CIT1101', 1, 'PTC/J19/DBT/15', 'ihs', NULL, '2020-10-29 03:08:12', '201901071ful'),
(526, 0, 0, 0, 0, NULL, '2019-01-07', 'CIT', 'CIT1101', 1, 'PTC/J19/CCM/01', 'ihs', NULL, '2020-10-29 03:08:12', '201901071ful'),
(527, 0, 0, 0, 0, NULL, '2019-01-07', 'CIT', 'CIT1101', 1, 'PTC/J19/DBT/13', 'ihs', NULL, '2020-10-29 03:08:12', '201901071ful'),
(528, 0, 0, 0, 0, NULL, '2019-01-07', 'CIT', 'CIT1101', 1, 'PTC/J19/DBT/04', 'ihs', NULL, '2020-10-29 03:08:12', '201901071ful'),
(529, 0, 0, 0, 0, NULL, '2019-01-07', 'CIT', 'CIT1101', 1, 'PTC/J19/DBT/08', 'ihs', NULL, '2020-10-29 03:08:12', '201901071ful'),
(530, 0, 0, 0, 0, NULL, '2019-01-07', 'CIT', 'CIT1101', 1, 'PTC/J19/DBT/17', 'ihs', NULL, '2020-10-29 03:08:12', '201901071ful'),
(531, 0, 0, 0, 0, NULL, '2019-01-07', 'CIT', 'CIT1101', 1, 'PTC/J19/DBT/06', 'ihs', NULL, '2020-10-29 03:08:12', '201901071ful'),
(532, 0, 0, 0, 0, NULL, '2019-01-07', 'CIT', 'CIT1101', 1, 'PTC/J19/DBT/11', 'ihs', NULL, '2020-10-29 03:08:12', '201901071ful'),
(533, 0, 0, 0, 0, NULL, '2019-01-07', 'CIT', 'CIT1101', 1, 'PTC/J19/DBT/01', 'ihs', NULL, '2020-10-29 03:08:12', '201901071ful'),
(534, 0, 0, 0, 0, NULL, '2019-01-07', 'CIT', 'CIT1101', 1, 'PTC/J19/DBT/16', 'ihs', NULL, '2020-10-29 03:08:12', '201901071ful'),
(535, 0, 0, 0, 0, NULL, '2019-01-07', 'CIT', 'CIT1101', 1, 'PTC/J19/DBT/03', 'ihs', NULL, '2020-10-29 03:08:12', '201901071ful'),
(536, 0, 0, 0, 0, NULL, '2019-01-07', 'CIT', 'CIT1101', 1, 'PTC/J19/DBT/14', 'ihs', NULL, '2020-10-29 03:08:12', '201901071ful'),
(537, 0, 0, 0, 0, NULL, '2019-01-07', 'CIT', 'CIT1101', 1, 'PTC/J19/CCM/03', 'ihs', NULL, '2020-10-29 03:08:12', '201901071ful'),
(538, 0, 0, 0, 0, 'B', '2019-01-07', 'CCM', 'CCM1102', 1, 'PTC/J19/CCM/02', 'ihs', NULL, '2020-10-29 03:08:12', '201901071ful'),
(539, 0, 0, 0, 0, 'B+', '2019-01-07', 'CCM', 'CCM1102', 1, 'PTC/J19/CCM/01', 'ihs', NULL, '2020-10-29 03:08:12', '201901071ful'),
(540, 0, 0, 0, 0, 'B-', '2019-01-07', 'CCM', 'CCM1102', 1, 'PTC/J19/CCM/03', 'ihs', NULL, '2020-10-29 03:08:12', '201901071ful'),
(541, 0, 0, 0, 0, 'C+', '2019-01-07', 'DBT', 'DBT1102', 1, 'PTC/J19/DBT/09', 'ihs', NULL, '2020-10-29 03:08:12', '201901071ful'),
(542, 0, 0, 0, 0, 'B', '2019-01-07', 'DBT', 'DBT1102', 1, 'PTC/J19/DBT/10', 'ihs', NULL, '2020-10-29 03:08:12', '201901071ful'),
(543, 0, 0, 0, 0, 'B', '2019-01-07', 'DBT', 'DBT1102', 1, 'PTC/J19/DBT/02', 'ihs', NULL, '2020-10-29 03:08:12', '201901071ful'),
(544, 0, 0, 0, 0, 'C+', '2019-01-07', 'DBT', 'DBT1102', 1, 'PTC/J19/DBT/05', 'ihs', NULL, '2020-10-29 03:08:12', '201901071ful'),
(545, 0, 0, 0, 0, 'C-', '2019-01-07', 'DBT', 'DBT1102', 1, 'PTC/J19/DBT/12', 'ihs', NULL, '2020-10-29 03:08:12', '201901071ful'),
(546, 0, 0, 0, 0, 'E', '2019-01-07', 'DBT', 'DBT1102', 1, 'PTC/J19/DBT/15', 'ihs', NULL, '2020-10-29 03:08:12', '201901071ful'),
(547, 0, 0, 0, 0, 'C-', '2019-01-07', 'DBT', 'DBT1102', 1, 'PTC/J19/DBT/13', 'ihs', NULL, '2020-10-29 03:08:12', '201901071ful'),
(548, 0, 0, 0, 0, 'C-', '2019-01-07', 'DBT', 'DBT1102', 1, 'PTC/J19/DBT/04', 'ihs', NULL, '2020-10-29 03:08:12', '201901071ful'),
(549, 0, 0, 0, 0, 'B-', '2019-01-07', 'DBT', 'DBT1102', 1, 'PTC/J19/DBT/08', 'ihs', NULL, '2020-10-29 03:08:12', '201901071ful'),
(550, 0, 0, 0, 0, 'B+', '2019-01-07', 'DBT', 'DBT1102', 1, 'PTC/J19/DBT/17', 'ihs', NULL, '2020-10-29 03:08:12', '201901071ful'),
(551, 0, 0, 0, 0, 'B-', '2019-01-07', 'DBT', 'DBT1102', 1, 'PTC/J19/DBT/06', 'ihs', NULL, '2020-10-29 03:08:12', '201901071ful'),
(552, 0, 0, 0, 0, 'B+', '2019-01-07', 'DBT', 'DBT1102', 1, 'PTC/J19/DBT/11', 'ihs', NULL, '2020-10-29 03:08:12', '201901071ful'),
(553, 0, 0, 0, 0, 'B+', '2019-01-07', 'DBT', 'DBT1102', 1, 'PTC/J19/DBT/01', 'ihs', NULL, '2020-10-29 03:08:12', '201901071ful'),
(554, 0, 0, 0, 0, 'B-', '2019-01-07', 'DBT', 'DBT1102', 1, 'PTC/J19/DBT/16', 'ihs', NULL, '2020-10-29 03:08:12', '201901071ful'),
(555, 0, 0, 0, 0, 'C', '2019-01-07', 'DBT', 'DBT1102', 1, 'PTC/J19/DBT/03', 'ihs', NULL, '2020-10-29 03:08:12', '201901071ful'),
(556, 0, 0, 0, 0, 'D+', '2019-01-07', 'DBT', 'DBT1102', 1, 'PTC/J19/DBT/14', 'ihs', NULL, '2020-10-29 03:08:12', '201901071ful'),
(557, 0, 0, 0, 0, 'C-', '2019-01-07', 'CCM', 'CCM1103', 1, 'PTC/J19/CCM/02', 'ihs', NULL, '2020-10-29 03:08:12', '201901071ful'),
(558, 0, 0, 0, 0, 'C+', '2019-01-07', 'CCM', 'CCM1103', 1, 'PTC/J19/CCM/01', 'ihs', NULL, '2020-10-29 03:08:12', '201901071ful'),
(559, 0, 0, 0, 0, 'C-', '2019-01-07', 'CCM', 'CCM1103', 1, 'PTC/J19/CCM/03', 'ihs', NULL, '2020-10-29 03:08:12', '201901071ful'),
(560, 0, 0, 0, 0, 'A', '2019-01-07', 'DBT', 'DBT1103', 1, 'PTC/J19/DBT/09', 'ihs', NULL, '2020-10-29 03:08:12', '201901071ful'),
(561, 0, 0, 0, 0, 'B', '2019-01-07', 'DBT', 'DBT1103', 1, 'PTC/J19/DBT/10', 'ihs', NULL, '2020-10-29 03:08:12', '201901071ful'),
(562, 0, 0, 0, 0, 'A', '2019-01-07', 'DBT', 'DBT1103', 1, 'PTC/J19/DBT/02', 'ihs', NULL, '2020-10-29 03:08:12', '201901071ful'),
(563, 0, 0, 0, 0, 'A', '2019-01-07', 'DBT', 'DBT1103', 1, 'PTC/J19/DBT/05', 'ihs', NULL, '2020-10-29 03:08:12', '201901071ful'),
(564, 0, 0, 0, 0, 'B', '2019-01-07', 'DBT', 'DBT1103', 1, 'PTC/J19/DBT/12', 'ihs', NULL, '2020-10-29 03:08:12', '201901071ful'),
(565, 0, 0, 0, 0, 'B', '2019-01-07', 'DBT', 'DBT1103', 1, 'PTC/J19/DBT/15', 'ihs', NULL, '2020-10-29 03:08:12', '201901071ful'),
(566, 0, 0, 0, 0, 'A', '2019-01-07', 'DBT', 'DBT1103', 1, 'PTC/J19/DBT/13', 'ihs', NULL, '2020-10-29 03:08:12', '201901071ful'),
(567, 0, 0, 0, 0, 'C+', '2019-01-07', 'DBT', 'DBT1103', 1, 'PTC/J19/DBT/04', 'ihs', NULL, '2020-10-29 03:08:12', '201901071ful'),
(568, 0, 0, 0, 0, 'B', '2019-01-07', 'DBT', 'DBT1103', 1, 'PTC/J19/DBT/08', 'ihs', NULL, '2020-10-29 03:08:12', '201901071ful'),
(569, 0, 0, 0, 0, 'A', '2019-01-07', 'DBT', 'DBT1103', 1, 'PTC/J19/DBT/17', 'ihs', NULL, '2020-10-29 03:08:12', '201901071ful'),
(570, 0, 0, 0, 0, 'A', '2019-01-07', 'DBT', 'DBT1103', 1, 'PTC/J19/DBT/06', 'ihs', NULL, '2020-10-29 03:08:12', '201901071ful'),
(571, 0, 0, 0, 0, 'A', '2019-01-07', 'DBT', 'DBT1103', 1, 'PTC/J19/DBT/11', 'ihs', NULL, '2020-10-29 03:08:12', '201901071ful'),
(572, 0, 0, 0, 0, 'B', '2019-01-07', 'DBT', 'DBT1103', 1, 'PTC/J19/DBT/01', 'ihs', NULL, '2020-10-29 03:08:12', '201901071ful'),
(573, 0, 0, 0, 0, 'A', '2019-01-07', 'DBT', 'DBT1103', 1, 'PTC/J19/DBT/16', 'ihs', NULL, '2020-10-29 03:08:12', '201901071ful'),
(574, 0, 0, 0, 0, 'A', '2019-01-07', 'DBT', 'DBT1103', 1, 'PTC/J19/DBT/03', 'ihs', NULL, '2020-10-29 03:08:12', '201901071ful'),
(575, 0, 0, 0, 0, 'A', '2019-01-07', 'DBT', 'DBT1103', 1, 'PTC/J19/DBT/14', 'ihs', NULL, '2020-10-29 03:08:12', '201901071ful'),
(576, 0, 0, 0, 0, 'A', '2019-01-07', 'CCM', 'CCM1104', 1, 'PTC/J19/CCM/02', 'ihs', NULL, '2020-10-29 03:08:12', '201901071ful'),
(577, 0, 0, 0, 0, 'B-', '2019-01-07', 'CCM', 'CCM1104', 1, 'PTC/J19/CCM/01', 'ihs', NULL, '2020-10-29 03:08:12', '201901071ful'),
(578, 0, 0, 0, 0, 'B-', '2019-01-07', 'CCM', 'CCM1104', 1, 'PTC/J19/CCM/03', 'ihs', NULL, '2020-10-29 03:08:12', '201901071ful'),
(579, 0, 0, 0, 0, 'B', '2019-01-07', 'DBT', 'DBT1104', 1, 'PTC/J19/DBT/09', 'ihs', NULL, '2020-10-29 03:08:12', '201901071ful'),
(580, 0, 0, 0, 0, 'A', '2019-01-07', 'DBT', 'DBT1104', 1, 'PTC/J19/DBT/10', 'ihs', NULL, '2020-10-29 03:08:12', '201901071ful'),
(581, 0, 0, 0, 0, 'A', '2019-01-07', 'DBT', 'DBT1104', 1, 'PTC/J19/DBT/02', 'ihs', NULL, '2020-10-29 03:08:12', '201901071ful'),
(582, 0, 0, 0, 0, 'B+', '2019-01-07', 'DBT', 'DBT1104', 1, 'PTC/J19/DBT/05', 'ihs', NULL, '2020-10-29 03:08:12', '201901071ful'),
(583, 0, 0, 0, 0, 'A', '2019-01-07', 'DBT', 'DBT1104', 1, 'PTC/J19/DBT/12', 'ihs', NULL, '2020-10-29 03:08:12', '201901071ful'),
(584, 0, 0, 0, 0, 'B', '2019-01-07', 'DBT', 'DBT1104', 1, 'PTC/J19/DBT/15', 'ihs', NULL, '2020-10-29 03:08:12', '201901071ful'),
(585, 0, 0, 0, 0, 'B', '2019-01-07', 'DBT', 'DBT1104', 1, 'PTC/J19/DBT/13', 'ihs', NULL, '2020-10-29 03:08:12', '201901071ful'),
(586, 0, 0, 0, 0, 'B+', '2019-01-07', 'DBT', 'DBT1104', 1, 'PTC/J19/DBT/04', 'ihs', NULL, '2020-10-29 03:08:12', '201901071ful'),
(587, 0, 0, 0, 0, 'A', '2019-01-07', 'DBT', 'DBT1104', 1, 'PTC/J19/DBT/08', 'ihs', NULL, '2020-10-29 03:08:12', '201901071ful'),
(588, 0, 0, 0, 0, 'A', '2019-01-07', 'DBT', 'DBT1104', 1, 'PTC/J19/DBT/17', 'ihs', NULL, '2020-10-29 03:08:12', '201901071ful'),
(589, 0, 0, 0, 0, 'B', '2019-01-07', 'DBT', 'DBT1104', 1, 'PTC/J19/DBT/06', 'ihs', NULL, '2020-10-29 03:08:12', '201901071ful'),
(590, 0, 0, 0, 0, 'B+', '2019-01-07', 'DBT', 'DBT1104', 1, 'PTC/J19/DBT/11', 'ihs', NULL, '2020-10-29 03:08:12', '201901071ful'),
(591, 0, 0, 0, 0, 'B+', '2019-01-07', 'DBT', 'DBT1104', 1, 'PTC/J19/DBT/01', 'ihs', NULL, '2020-10-29 03:08:12', '201901071ful'),
(592, 0, 0, 0, 0, 'A', '2019-01-07', 'DBT', 'DBT1104', 1, 'PTC/J19/DBT/16', 'ihs', NULL, '2020-10-29 03:08:12', '201901071ful'),
(593, 0, 0, 0, 0, 'B+', '2019-01-07', 'DBT', 'DBT1104', 1, 'PTC/J19/DBT/03', 'ihs', NULL, '2020-10-29 03:08:12', '201901071ful'),
(594, 0, 0, 0, 0, 'B', '2019-01-07', 'DBT', 'DBT1104', 1, 'PTC/J19/DBT/14', 'ihs', NULL, '2020-10-29 03:08:12', '201901071ful'),
(595, 0, 0, 0, 0, 'B+', '2019-01-07', 'CCM', 'CCM1106', 1, 'PTC/J19/CCM/02', 'ihs', NULL, '2020-10-29 03:08:12', '201901071ful'),
(596, 0, 0, 0, 0, 'A', '2019-01-07', 'CCM', 'CCM1106', 1, 'PTC/J19/CCM/01', 'ihs', NULL, '2020-10-29 03:08:12', '201901071ful'),
(597, 0, 0, 0, 0, 'A', '2019-01-07', 'CCM', 'CCM1106', 1, 'PTC/J19/CCM/03', 'ihs', NULL, '2020-10-29 03:08:12', '201901071ful'),
(598, 0, 0, 0, 0, 'A', '2019-01-07', 'DBT', 'DBT1106', 1, 'PTC/J19/DBT/09', 'ihs', NULL, '2020-10-29 03:08:12', '201901071ful'),
(599, 0, 0, 0, 0, 'B-', '2019-01-07', 'DBT', 'DBT1106', 1, 'PTC/J19/DBT/10', 'ihs', NULL, '2020-10-29 03:08:12', '201901071ful'),
(600, 0, 0, 0, 0, 'A', '2019-01-07', 'DBT', 'DBT1106', 1, 'PTC/J19/DBT/02', 'ihs', NULL, '2020-10-29 03:08:12', '201901071ful'),
(601, 0, 0, 0, 0, 'A', '2019-01-07', 'DBT', 'DBT1106', 1, 'PTC/J19/DBT/05', 'ihs', NULL, '2020-10-29 03:08:12', '201901071ful'),
(602, 0, 0, 0, 0, 'A', '2019-01-07', 'DBT', 'DBT1106', 1, 'PTC/J19/DBT/12', 'ihs', NULL, '2020-10-29 03:08:12', '201901071ful'),
(603, 0, 0, 0, 0, 'B-', '2019-01-07', 'DBT', 'DBT1106', 1, 'PTC/J19/DBT/15', 'ihs', NULL, '2020-10-29 03:08:12', '201901071ful'),
(604, 0, 0, 0, 0, NULL, '2019-01-07', 'DBT', 'DBT1106', 1, 'PTC/J19/DBT/13', 'ihs', NULL, '2020-10-29 03:08:12', '201901071ful'),
(605, 0, 0, 0, 0, 'A', '2019-01-07', 'DBT', 'DBT1106', 1, 'PTC/J19/DBT/04', 'ihs', NULL, '2020-10-29 03:08:12', '201901071ful'),
(606, 0, 0, 0, 0, 'C', '2019-01-07', 'DBT', 'DBT1106', 1, 'PTC/J19/DBT/08', 'ihs', NULL, '2020-10-29 03:08:12', '201901071ful'),
(607, 0, 0, 0, 0, 'B+', '2019-01-07', 'DBT', 'DBT1106', 1, 'PTC/J19/DBT/17', 'ihs', NULL, '2020-10-29 03:08:12', '201901071ful'),
(608, 0, 0, 0, 0, 'A', '2019-01-07', 'DBT', 'DBT1106', 1, 'PTC/J19/DBT/06', 'ihs', NULL, '2020-10-29 03:08:12', '201901071ful'),
(609, 0, 0, 0, 0, NULL, '2019-01-07', 'DBT', 'DBT1106', 1, 'PTC/J19/DBT/11', 'ihs', NULL, '2020-10-29 03:08:12', '201901071ful'),
(610, 0, 0, 0, 0, 'A', '2019-01-07', 'DBT', 'DBT1106', 1, 'PTC/J19/DBT/01', 'ihs', NULL, '2020-10-29 03:08:12', '201901071ful'),
(611, 0, 0, 0, 0, 'C-', '2019-01-07', 'DBT', 'DBT1106', 1, 'PTC/J19/DBT/16', 'ihs', NULL, '2020-10-29 03:08:12', '201901071ful'),
(612, 0, 0, 0, 0, 'B', '2019-01-07', 'DBT', 'DBT1106', 1, 'PTC/J19/DBT/03', 'ihs', NULL, '2020-10-29 03:08:12', '201901071ful'),
(613, 0, 0, 0, 0, 'A', '2019-01-07', 'DBT', 'DBT1106', 1, 'PTC/J19/DBT/14', 'ihs', NULL, '2020-10-29 03:08:12', '201901071ful'),
(614, 0, 0, 0, 0, NULL, '2019-08-05', 'CCM', 'CCM1102', 1, 'PTC/A19/CCM/01', 'ihs', NULL, '2020-10-29 03:08:12', '201908051ful'),
(615, 0, 0, 0, 0, NULL, '2019-08-05', 'CCM', 'CCM1102', 1, 'PTC/A19/CCM/03', 'ihs', NULL, '2020-10-29 03:08:12', '201908051ful'),
(616, 0, 0, 0, 0, NULL, '2019-08-05', 'CCM', 'CCM1103', 1, 'PTC/A19/CCM/01', 'ihs', NULL, '2020-10-29 03:08:12', '201908051ful'),
(617, 0, 0, 0, 0, NULL, '2019-08-05', 'CCM', 'CCM1101', 1, 'PTC/A19/CCM/05', 'ihs', NULL, '2020-10-29 03:08:12', '201908051ful'),
(618, 0, 0, 0, 0, NULL, '2019-08-05', 'CCM', 'CCM1103', 1, 'PTC/A19/CCM/03', 'ihs', NULL, '2020-10-29 03:08:12', '201908051ful'),
(619, 0, 0, 0, 0, NULL, '2019-08-05', 'CCM', 'CCM1101', 1, 'PTC/A19/CCM/01', 'ihs', NULL, '2020-10-29 03:08:12', '201908051ful'),
(620, 0, 0, 0, 0, NULL, '2019-08-05', 'CCM', 'CCM1104', 1, 'PTC/A19/CCM/01', 'ihs', NULL, '2020-10-29 03:08:12', '201908051ful'),
(621, 0, 0, 0, 0, NULL, '2019-08-05', 'CCM', 'CCM1101', 1, 'PTC/A19/CCM/02', 'ihs', NULL, '2020-10-29 03:08:12', '201908051ful'),
(622, 0, 0, 0, 0, NULL, '2019-08-05', 'CCM', 'CCM1102', 1, 'PTC/A19/CCM/05', 'ihs', NULL, '2020-10-29 03:08:12', '201908051ful'),
(623, 0, 0, 0, 0, NULL, '2019-08-05', 'CCM', 'CCM1101', 1, 'PTC/A19/CCM/03', 'ihs', NULL, '2020-10-29 03:08:12', '201908051ful'),
(624, 0, 0, 0, 0, NULL, '2019-08-05', 'CCM', 'CCM1102', 1, 'PTC/A19/CCM/02', 'ihs', NULL, '2020-10-29 03:08:12', '201908051ful'),
(625, 0, 0, 0, 0, NULL, '2019-08-05', 'CCM', 'CCM1103', 1, 'PTC/A19/CCM/05', 'ihs', NULL, '2020-10-29 03:08:12', '201908051ful'),
(626, 0, 0, 0, 0, NULL, '2019-08-05', 'CCM', 'CCM1103', 1, 'PTC/A19/CCM/02', 'ihs', NULL, '2020-10-29 03:08:12', '201908051ful'),
(627, 0, 0, 0, 0, NULL, '2019-08-05', 'CCM', 'CCM1104', 1, 'PTC/A19/CCM/05', 'ihs', NULL, '2020-10-29 03:08:12', '201908051ful'),
(628, 0, 0, 0, 0, NULL, '2019-08-05', 'CCM', 'CCM1104', 1, 'PTC/A19/CCM/02', 'ihs', NULL, '2020-10-29 03:08:12', '201908051ful'),
(629, 0, 0, 0, 0, NULL, '2019-08-05', 'CCM', 'CCM1104', 1, 'PTC/A19/CCM/03', 'ihs', NULL, '2020-10-29 03:08:12', '201908051ful'),
(630, 0, 0, 0, 0, NULL, '2019-08-05', 'CCM', 'CCM1106', 1, 'PTC/A19/CCM/05', 'ihs', NULL, '2020-10-29 03:08:12', '201908051ful'),
(631, 0, 0, 0, 0, NULL, '2019-08-05', 'CCM', 'CCM1106', 1, 'PTC/A19/CCM/01', 'ihs', NULL, '2020-10-29 03:08:12', '201908051ful'),
(632, 0, 0, 0, 0, NULL, '2019-08-05', 'CCM', 'CCM1106', 1, 'PTC/A19/CCM/02', 'ihs', NULL, '2020-10-29 03:08:12', '201908051ful'),
(633, 0, 0, 0, 0, NULL, '2019-08-05', 'CCM', 'CCM1106', 1, 'PTC/A19/CCM/03', 'ihs', NULL, '2020-10-29 03:08:12', '201908051ful'),
(634, 0, 0, 0, 0, NULL, '2019-08-05', 'CIT', 'CIT1101', 1, 'PTC/A19/CCM/05', 'ihs', NULL, '2020-10-29 03:08:12', '201908051ful'),
(635, 0, 0, 0, 0, NULL, '2019-08-05', 'CIT', 'CIT1101', 1, 'PTC/A19/CCM/01', 'ihs', NULL, '2020-10-29 03:08:12', '201908051ful'),
(636, 0, 0, 0, 0, NULL, '2019-08-05', 'CIT', 'CIT1101', 1, 'PTC/A19/CCM/02', 'ihs', NULL, '2020-10-29 03:08:12', '201908051ful'),
(637, 0, 0, 0, 0, NULL, '2019-08-05', 'CIT', 'CIT1101', 1, 'PTC/A19/CCM/03', 'ihs', NULL, '2020-10-29 03:08:12', '201908051ful'),
(638, 0, 0, 0, 0, NULL, '2019-08-05', 'DBT', 'DBT1101', 1, 'PTC/A19/DBT/01', 'ihs', NULL, '2020-10-29 03:08:12', '201908051ful'),
(639, 0, 0, 0, 0, NULL, '2019-08-05', 'DBT', 'DBT1101', 1, 'PTC/A19/DBT/07', 'ihs', NULL, '2020-10-29 03:08:12', '201908051ful'),
(640, 0, 0, 0, 0, NULL, '2019-08-05', 'DBT', 'DBT1101', 1, 'PTC/A19/DBT/06', 'ihs', NULL, '2020-10-29 03:08:12', '201908051ful'),
(641, 0, 0, 0, 0, NULL, '2019-08-05', 'DBT', 'DBT1101', 1, 'PTC/A19/DBT/02', 'ihs', NULL, '2020-10-29 03:08:12', '201908051ful'),
(642, 0, 0, 0, 0, NULL, '2019-08-05', 'DBT', 'DBT1101', 1, 'PTC/A19/DBT/03', 'ihs', NULL, '2020-10-29 03:08:12', '201908051ful'),
(643, 0, 0, 0, 0, NULL, '2019-08-05', 'DBT', 'DBT1101', 1, 'PTC/A19/DBT/05', 'ihs', NULL, '2020-10-29 03:08:12', '201908051ful'),
(644, 0, 0, 0, 0, NULL, '2019-08-05', 'DBT', 'DBT1102', 1, 'PTC/A19/DBT/01', 'ihs', NULL, '2020-10-29 03:08:12', '201908051ful'),
(645, 0, 0, 0, 0, NULL, '2019-08-05', 'DBT', 'DBT1102', 1, 'PTC/A19/DBT/07', 'ihs', NULL, '2020-10-29 03:08:12', '201908051ful'),
(646, 0, 0, 0, 0, NULL, '2019-08-05', 'DBT', 'DBT1102', 1, 'PTC/A19/DBT/06', 'ihs', NULL, '2020-10-29 03:08:12', '201908051ful'),
(647, 0, 0, 0, 0, NULL, '2019-08-05', 'DBT', 'DBT1102', 1, 'PTC/A19/DBT/02', 'ihs', NULL, '2020-10-29 03:08:12', '201908051ful'),
(648, 0, 0, 0, 0, NULL, '2019-08-05', 'DBT', 'DBT1102', 1, 'PTC/A19/DBT/03', 'ihs', NULL, '2020-10-29 03:08:12', '201908051ful'),
(649, 0, 0, 0, 0, NULL, '2019-08-05', 'DBT', 'DBT1102', 1, 'PTC/A19/DBT/05', 'ihs', NULL, '2020-10-29 03:08:12', '201908051ful'),
(650, 0, 0, 0, 0, NULL, '2019-08-05', 'DBT', 'DBT1103', 1, 'PTC/A19/DBT/01', 'ihs', NULL, '2020-10-29 03:08:12', '201908051ful'),
(651, 0, 0, 0, 0, NULL, '2019-08-05', 'DBT', 'DBT1103', 1, 'PTC/A19/DBT/07', 'ihs', NULL, '2020-10-29 03:08:12', '201908051ful'),
(652, 0, 0, 0, 0, NULL, '2019-08-05', 'DBT', 'DBT1103', 1, 'PTC/A19/DBT/06', 'ihs', NULL, '2020-10-29 03:08:12', '201908051ful'),
(653, 0, 0, 0, 0, NULL, '2019-08-05', 'DBT', 'DBT1103', 1, 'PTC/A19/DBT/02', 'ihs', NULL, '2020-10-29 03:08:12', '201908051ful'),
(654, 0, 0, 0, 0, NULL, '2019-08-05', 'DBT', 'DBT1103', 1, 'PTC/A19/DBT/03', 'ihs', NULL, '2020-10-29 03:08:12', '201908051ful'),
(655, 0, 0, 0, 0, NULL, '2019-08-05', 'DBT', 'DBT1103', 1, 'PTC/A19/DBT/05', 'ihs', NULL, '2020-10-29 03:08:12', '201908051ful'),
(656, 0, 0, 0, 0, NULL, '2019-08-05', 'DBT', 'DBT1104', 2, 'PTC/A19/DBT/01', 'ihs', NULL, '2020-10-29 03:08:12', '201908052ful'),
(657, 0, 0, 0, 0, NULL, '2019-08-05', 'DBT', 'DBT1104', 2, 'PTC/A19/DBT/07', 'ihs', NULL, '2020-10-29 03:08:12', '201908052ful'),
(658, 0, 0, 0, 0, NULL, '2019-08-05', 'DBT', 'DBT1104', 2, 'PTC/A19/DBT/06', 'ihs', NULL, '2020-10-29 03:08:12', '201908052ful'),
(659, 0, 0, 0, 0, NULL, '2019-08-05', 'DBT', 'DBT1104', 2, 'PTC/A19/DBT/02', 'ihs', NULL, '2020-10-29 03:08:12', '201908052ful'),
(660, 0, 0, 0, 0, NULL, '2019-08-05', 'DBT', 'DBT1104', 2, 'PTC/A19/DBT/03', 'ihs', NULL, '2020-10-29 03:08:12', '201908052ful'),
(661, 0, 0, 0, 0, NULL, '2019-08-05', 'DBT', 'DBT1104', 2, 'PTC/A19/DBT/05', 'ihs', NULL, '2020-10-29 03:08:12', '201908052ful'),
(662, 0, 0, 0, 0, NULL, '2019-08-05', 'DBT', 'DBT1106', 1, 'PTC/A19/DBT/01', 'ihs', NULL, '2020-10-29 03:08:12', '201908051ful'),
(663, 0, 0, 0, 0, NULL, '2019-08-05', 'DBT', 'DBT1106', 1, 'PTC/A19/DBT/07', 'ihs', NULL, '2020-10-29 03:08:12', '201908051ful'),
(664, 0, 0, 0, 0, NULL, '2019-08-05', 'DBT', 'DBT1106', 1, 'PTC/A19/DBT/06', 'ihs', NULL, '2020-10-29 03:08:12', '201908051ful'),
(665, 0, 0, 0, 0, NULL, '2019-08-05', 'DBT', 'DBT1106', 1, 'PTC/A19/DBT/02', 'ihs', NULL, '2020-10-29 03:08:12', '201908051ful'),
(666, 0, 0, 0, 0, NULL, '2019-08-05', 'DBT', 'DBT1106', 1, 'PTC/A19/DBT/03', 'ihs', NULL, '2020-10-29 03:08:12', '201908051ful'),
(667, 0, 0, 0, 0, NULL, '2019-08-05', 'DBT', 'DBT1106', 1, 'PTC/A19/DBT/05', 'ihs', NULL, '2020-10-29 03:08:12', '201908051ful'),
(668, 0, 0, 0, 0, NULL, '2019-08-05', NULL, 'ICT1101', 1, 'PTC/A19/DBT/01', 'ihs', NULL, '2020-10-29 03:08:12', '201908051ful'),
(669, 0, 0, 0, 0, NULL, '2019-08-05', NULL, 'ICT1101', 1, 'PTC/A19/DBT/07', 'ihs', NULL, '2020-10-29 03:08:12', '201908051ful'),
(670, 0, 0, 0, 0, NULL, '2019-08-05', NULL, 'ICT1101', 1, 'PTC/A19/DBT/06', 'ihs', NULL, '2020-10-29 03:08:12', '201908051ful'),
(671, 0, 0, 0, 0, NULL, '2019-08-05', NULL, 'ICT1101', 1, 'PTC/A19/DBT/02', 'ihs', NULL, '2020-10-29 03:08:12', '201908051ful'),
(672, 0, 0, 0, 0, NULL, '2019-08-05', NULL, 'ICT1101', 1, 'PTC/A19/DBT/03', 'ihs', NULL, '2020-10-29 03:08:12', '201908051ful'),
(673, 0, 0, 0, 0, NULL, '2019-08-05', NULL, 'ICT1101', 1, 'PTC/A19/DBT/05', 'ihs', NULL, '2020-10-29 03:08:12', '201908051ful'),
(674, 0, 0, 0, 0, NULL, '2019-05-06', 'CCM', 'CCM1101', 1, 'PTC/M19/CCM/06', 'ihs', NULL, '2020-10-29 03:08:12', '201905061ful'),
(675, 0, 0, 0, 0, NULL, '2019-05-06', 'CCM', 'CCM1101', 1, 'PTC/M19/CCM/05', 'ihs', NULL, '2020-10-29 03:08:12', '201905061ful'),
(676, 0, 0, 0, 0, NULL, '2019-05-06', 'CCM', 'CCM1101', 1, 'PTC/M19/CCM/04', 'ihs', NULL, '2020-10-29 03:08:12', '201905061ful'),
(677, 0, 0, 0, 0, NULL, '2019-05-06', 'CCM', 'CCM1102', 1, 'PTC/M19/CCM/06', 'ihs', NULL, '2020-10-29 03:08:12', '201905061ful'),
(678, 0, 0, 0, 0, NULL, '2019-05-06', 'CCM', 'CCM1102', 1, 'PTC/M19/CCM/05', 'ihs', NULL, '2020-10-29 03:08:12', '201905061ful'),
(679, 0, 0, 0, 0, NULL, '2019-05-06', 'CCM', 'CCM1102', 1, 'PTC/M19/CCM/04', 'ihs', NULL, '2020-10-29 03:08:12', '201905061ful'),
(680, 0, 0, 0, 0, NULL, '2019-05-06', 'CCM', 'CCM1103', 1, 'PTC/M19/CCM/06', 'ihs', NULL, '2020-10-29 03:08:12', '201905061ful'),
(681, 0, 0, 0, 0, NULL, '2019-05-06', 'CCM', 'CCM1103', 1, 'PTC/M19/CCM/05', 'ihs', NULL, '2020-10-29 03:08:12', '201905061ful'),
(682, 0, 0, 0, 0, NULL, '2019-05-06', 'CCM', 'CCM1103', 1, 'PTC/M19/CCM/04', 'ihs', NULL, '2020-10-29 03:08:12', '201905061ful'),
(683, 0, 0, 0, 0, NULL, '2019-05-06', 'CCM', 'CCM1104', 1, 'PTC/M19/CCM/06', 'ihs', NULL, '2020-10-29 03:08:12', '201905061ful'),
(684, 0, 0, 0, 0, NULL, '2019-05-06', 'CCM', 'CCM1104', 1, 'PTC/M19/CCM/05', 'ihs', NULL, '2020-10-29 03:08:12', '201905061ful'),
(685, 0, 0, 0, 0, NULL, '2019-05-06', 'CCM', 'CCM1104', 1, 'PTC/M19/CCM/04', 'ihs', NULL, '2020-10-29 03:08:12', '201905061ful'),
(686, 0, 0, 0, 0, NULL, '2019-05-06', 'CCM', 'CCM1106', 1, 'PTC/M19/CCM/06', 'ihs', NULL, '2020-10-29 03:08:12', '201905061ful'),
(687, 0, 0, 0, 0, NULL, '2019-05-06', 'CCM', 'CCM1106', 1, 'PTC/M19/CCM/05', 'ihs', NULL, '2020-10-29 03:08:12', '201905061ful'),
(688, 0, 0, 0, 0, NULL, '2019-05-06', 'CCM', 'CCM1106', 1, 'PTC/M19/CCM/04', 'ihs', NULL, '2020-10-29 03:08:12', '201905061ful'),
(689, 0, 0, 0, 0, NULL, '2019-05-06', 'CIT', 'CIT1101', 1, 'PTC/M19/DBT/33', 'ihs', NULL, '2020-10-29 03:08:12', '201905061ful'),
(690, 0, 0, 0, 0, NULL, '2019-05-06', 'CIT', 'CIT1101', 1, 'PTC/M19/DBT/30', 'ihs', NULL, '2020-10-29 03:08:12', '201905061ful'),
(691, 0, 0, 0, 0, NULL, '2019-05-06', 'CIT', 'CIT1101', 1, 'PTC/M19/CCM/06', 'ihs', NULL, '2020-10-29 03:08:12', '201905061ful'),
(692, 0, 0, 0, 0, NULL, '2019-05-06', 'CIT', 'CIT1101', 1, 'PTC/M19/CCM/05', 'ihs', NULL, '2020-10-29 03:08:12', '201905061ful'),
(693, 0, 0, 0, 0, NULL, '2019-05-06', 'CIT', 'CIT1101', 1, 'PTC/M19/DBT/08', 'ihs', NULL, '2020-10-29 03:08:12', '201905061ful'),
(694, 0, 0, 0, 0, NULL, '2019-05-06', 'CIT', 'CIT1101', 1, 'PTC/M19/DBT/31', 'ihs', NULL, '2020-10-29 03:08:12', '201905061ful'),
(695, 0, 0, 0, 0, NULL, '2019-05-06', 'CIT', 'CIT1101', 1, 'PTC/M19/DBT/17', 'ihs', NULL, '2020-10-29 03:08:12', '201905061ful'),
(696, 0, 0, 0, 0, NULL, '2019-05-06', 'CIT', 'CIT1101', 1, 'PTC/M19/DBT/09', 'ihs', NULL, '2020-10-29 03:08:12', '201905061ful'),
(697, 0, 0, 0, 0, NULL, '2019-05-06', 'CIT', 'CIT1101', 1, 'PTC/M19/DBT/28', 'ihs', NULL, '2020-10-29 03:08:12', '201905061ful'),
(698, 0, 0, 0, 0, NULL, '2019-05-06', 'CIT', 'CIT1101', 1, 'PTC/M19/DBT/26', 'ihs', NULL, '2020-10-29 03:08:12', '201905061ful'),
(699, 0, 0, 0, 0, NULL, '2019-05-06', 'CIT', 'CIT1101', 1, 'PTC/M19/DBT/02', 'ihs', NULL, '2020-10-29 03:08:12', '201905061ful'),
(700, 0, 0, 0, 0, NULL, '2019-05-06', 'CIT', 'CIT1101', 1, 'PTC/M19/DBT/15', 'ihs', NULL, '2020-10-29 03:08:12', '201905061ful'),
(701, 0, 0, 0, 0, NULL, '2019-05-06', 'CIT', 'CIT1101', 1, 'PTC/M19/DBT/05', 'ihs', NULL, '2020-10-29 03:08:12', '201905061ful'),
(702, 0, 0, 0, 0, NULL, '2019-05-06', 'CIT', 'CIT1101', 1, 'PTC/M19/DBT/35', 'ihs', NULL, '2020-10-29 03:08:12', '201905061ful'),
(703, 0, 0, 0, 0, NULL, '2019-05-06', 'CIT', 'CIT1101', 1, 'PTC/M19/DBT/32', 'ihs', NULL, '2020-10-29 03:08:12', '201905061ful'),
(704, 0, 0, 0, 0, NULL, '2019-05-06', 'CIT', 'CIT1101', 1, 'PTC/M19/DBT/24', 'ihs', NULL, '2020-10-29 03:08:12', '201905061ful'),
(705, 0, 0, 0, 0, NULL, '2019-05-06', 'CIT', 'CIT1101', 1, 'PTC/M19/DBT/23', 'ihs', NULL, '2020-10-29 03:08:12', '201905061ful'),
(706, 0, 0, 0, 0, NULL, '2019-05-06', 'CIT', 'CIT1101', 1, 'PTC/M19/DBT/25', 'ihs', NULL, '2020-10-29 03:08:12', '201905061ful'),
(707, 0, 0, 0, 0, NULL, '2019-05-06', 'CIT', 'CIT1101', 1, 'PTC/M19/DBT/16', 'ihs', NULL, '2020-10-29 03:08:12', '201905061ful'),
(708, 0, 0, 0, 0, NULL, '2019-05-06', 'CIT', 'CIT1101', 1, 'PTC/M19/CCM/04', 'ihs', NULL, '2020-10-29 03:08:12', '201905061ful'),
(709, 0, 0, 0, 0, NULL, '2019-05-06', 'CIT', 'CIT1101', 1, 'PTC/M19/DBT/27', 'ihs', NULL, '2020-10-29 03:08:12', '201905061ful'),
(710, 0, 0, 0, 0, NULL, '2019-05-06', 'DBT', 'DBT1101', 1, 'PTC/M19/DBT/33', 'ihs', NULL, '2020-10-29 03:08:12', '201905061ful'),
(711, 0, 0, 0, 0, NULL, '2019-05-06', 'DBT', 'DBT1101', 1, 'PTC/M19/DBT/30', 'ihs', NULL, '2020-10-29 03:08:12', '201905061ful'),
(712, 0, 0, 0, 0, NULL, '2019-05-06', 'DBT', 'DBT1101', 1, 'PTC/M19/DBT/08', 'ihs', NULL, '2020-10-29 03:08:12', '201905061ful'),
(713, 0, 0, 0, 0, NULL, '2019-05-06', 'DBT', 'DBT1101', 1, 'PTC/M19/DBT/31', 'ihs', NULL, '2020-10-29 03:08:12', '201905061ful'),
(714, 0, 0, 0, 0, NULL, '2019-05-06', 'DBT', 'DBT1101', 1, 'PTC/M19/DBT/17', 'ihs', NULL, '2020-10-29 03:08:12', '201905061ful'),
(715, 0, 0, 0, 0, NULL, '2019-05-06', 'DBT', 'DBT1101', 1, 'PTC/M19/DBT/09', 'ihs', NULL, '2020-10-29 03:08:12', '201905061ful'),
(716, 0, 0, 0, 0, NULL, '2019-05-06', 'DBT', 'DBT1101', 1, 'PTC/M19/DBT/28', 'ihs', NULL, '2020-10-29 03:08:12', '201905061ful'),
(717, 0, 0, 0, 0, NULL, '2019-05-06', 'DBT', 'DBT1101', 1, 'PTC/M19/DBT/26', 'ihs', NULL, '2020-10-29 03:08:12', '201905061ful'),
(718, 0, 0, 0, 0, NULL, '2019-05-06', 'DBT', 'DBT1101', 1, 'PTC/M19/DBT/02', 'ihs', NULL, '2020-10-29 03:08:12', '201905061ful'),
(719, 0, 0, 0, 0, NULL, '2019-05-06', 'DBT', 'DBT1101', 1, 'PTC/M19/DBT/15', 'ihs', NULL, '2020-10-29 03:08:12', '201905061ful'),
(720, 0, 0, 0, 0, NULL, '2019-05-06', 'DBT', 'DBT1101', 1, 'PTC/M19/DBT/05', 'ihs', NULL, '2020-10-29 03:08:12', '201905061ful'),
(721, 0, 0, 0, 0, NULL, '2019-05-06', 'DBT', 'DBT1101', 1, 'PTC/M19/DBT/35', 'ihs', NULL, '2020-10-29 03:08:12', '201905061ful'),
(722, 0, 0, 0, 0, NULL, '2019-05-06', 'DBT', 'DBT1101', 1, 'PTC/M19/DBT/32', 'ihs', NULL, '2020-10-29 03:08:12', '201905061ful'),
(723, 0, 0, 0, 0, NULL, '2019-05-06', 'DBT', 'DBT1101', 1, 'PTC/M19/DBT/24', 'ihs', NULL, '2020-10-29 03:08:12', '201905061ful'),
(724, 0, 0, 0, 0, NULL, '2019-05-06', 'DBT', 'DBT1101', 1, 'PTC/M19/DBT/23', 'ihs', NULL, '2020-10-29 03:08:12', '201905061ful'),
(725, 0, 0, 0, 0, NULL, '2019-05-06', 'DBT', 'DBT1101', 1, 'PTC/M19/DBT/25', 'ihs', NULL, '2020-10-29 03:08:12', '201905061ful'),
(726, 0, 0, 0, 0, NULL, '2019-05-06', 'DBT', 'DBT1101', 1, 'PTC/M19/DBT/16', 'ihs', NULL, '2020-10-29 03:08:12', '201905061ful'),
(727, 0, 0, 0, 0, NULL, '2019-05-06', 'DBT', 'DBT1101', 1, 'PTC/M19/DBT/27', 'ihs', NULL, '2020-10-29 03:08:12', '201905061ful'),
(728, 0, 0, 0, 0, NULL, '2019-05-06', 'DBT', 'DBT1102', 1, 'PTC/M19/DBT/33', 'ihs', NULL, '2020-10-29 03:08:12', '201905061ful'),
(729, 0, 0, 0, 0, NULL, '2019-05-06', 'DBT', 'DBT1102', 1, 'PTC/M19/DBT/30', 'ihs', NULL, '2020-10-29 03:08:12', '201905061ful'),
(730, 0, 0, 0, 0, NULL, '2019-05-06', 'DBT', 'DBT1102', 1, 'PTC/M19/DBT/08', 'ihs', NULL, '2020-10-29 03:08:12', '201905061ful'),
(731, 0, 0, 0, 0, NULL, '2019-05-06', 'DBT', 'DBT1102', 1, 'PTC/M19/DBT/31', 'ihs', NULL, '2020-10-29 03:08:12', '201905061ful'),
(732, 0, 0, 0, 0, NULL, '2019-05-06', 'DBT', 'DBT1102', 1, 'PTC/M19/DBT/17', 'ihs', NULL, '2020-10-29 03:08:12', '201905061ful'),
(733, 0, 0, 0, 0, NULL, '2019-05-06', 'DBT', 'DBT1102', 1, 'PTC/M19/DBT/09', 'ihs', NULL, '2020-10-29 03:08:12', '201905061ful'),
(734, 0, 0, 0, 0, NULL, '2019-05-06', 'DBT', 'DBT1102', 1, 'PTC/M19/DBT/28', 'ihs', NULL, '2020-10-29 03:08:12', '201905061ful'),
(735, 0, 0, 0, 0, NULL, '2019-05-06', 'DBT', 'DBT1102', 1, 'PTC/M19/DBT/26', 'ihs', NULL, '2020-10-29 03:08:12', '201905061ful'),
(736, 0, 0, 0, 0, NULL, '2019-05-06', 'DBT', 'DBT1102', 1, 'PTC/M19/DBT/02', 'ihs', NULL, '2020-10-29 03:08:12', '201905061ful'),
(737, 0, 0, 0, 0, NULL, '2019-05-06', 'DBT', 'DBT1102', 1, 'PTC/M19/DBT/15', 'ihs', NULL, '2020-10-29 03:08:12', '201905061ful'),
(738, 0, 0, 0, 0, NULL, '2019-05-06', 'DBT', 'DBT1102', 1, 'PTC/M19/DBT/05', 'ihs', NULL, '2020-10-29 03:08:12', '201905061ful'),
(739, 0, 0, 0, 0, NULL, '2019-05-06', 'DBT', 'DBT1102', 1, 'PTC/M19/DBT/35', 'ihs', NULL, '2020-10-29 03:08:12', '201905061ful'),
(740, 0, 0, 0, 0, NULL, '2019-05-06', 'DBT', 'DBT1102', 1, 'PTC/M19/DBT/32', 'ihs', NULL, '2020-10-29 03:08:12', '201905061ful'),
(741, 0, 0, 0, 0, NULL, '2019-05-06', 'DBT', 'DBT1102', 1, 'PTC/M19/DBT/24', 'ihs', NULL, '2020-10-29 03:08:12', '201905061ful'),
(742, 0, 0, 0, 0, NULL, '2019-05-06', 'DBT', 'DBT1102', 1, 'PTC/M19/DBT/23', 'ihs', NULL, '2020-10-29 03:08:12', '201905061ful'),
(743, 0, 0, 0, 0, NULL, '2019-05-06', 'DBT', 'DBT1102', 1, 'PTC/M19/DBT/25', 'ihs', NULL, '2020-10-29 03:08:12', '201905061ful'),
(744, 0, 0, 0, 0, NULL, '2019-05-06', 'DBT', 'DBT1102', 1, 'PTC/M19/DBT/16', 'ihs', NULL, '2020-10-29 03:08:12', '201905061ful'),
(745, 0, 0, 0, 0, NULL, '2019-05-06', 'DBT', 'DBT1102', 1, 'PTC/M19/DBT/27', 'ihs', NULL, '2020-10-29 03:08:12', '201905061ful'),
(746, 0, 0, 0, 0, NULL, '2019-05-06', 'DBT', 'DBT1103', 1, 'PTC/M19/DBT/33', 'ihs', NULL, '2020-10-29 03:08:12', '201905061ful'),
(747, 0, 0, 0, 0, NULL, '2019-05-06', 'DBT', 'DBT1103', 1, 'PTC/M19/DBT/30', 'ihs', NULL, '2020-10-29 03:08:12', '201905061ful'),
(748, 0, 0, 0, 0, NULL, '2019-05-06', 'DBT', 'DBT1103', 1, 'PTC/M19/DBT/08', 'ihs', NULL, '2020-10-29 03:08:12', '201905061ful'),
(749, 0, 0, 0, 0, NULL, '2019-05-06', 'DBT', 'DBT1103', 1, 'PTC/M19/DBT/31', 'ihs', NULL, '2020-10-29 03:08:12', '201905061ful'),
(750, 0, 0, 0, 0, NULL, '2019-05-06', 'DBT', 'DBT1103', 1, 'PTC/M19/DBT/17', 'ihs', NULL, '2020-10-29 03:08:12', '201905061ful'),
(751, 0, 0, 0, 0, NULL, '2019-05-06', 'DBT', 'DBT1103', 1, 'PTC/M19/DBT/09', 'ihs', NULL, '2020-10-29 03:08:12', '201905061ful'),
(752, 0, 0, 0, 0, NULL, '2019-05-06', 'DBT', 'DBT1103', 1, 'PTC/M19/DBT/28', 'ihs', NULL, '2020-10-29 03:08:12', '201905061ful'),
(753, 0, 0, 0, 0, NULL, '2019-05-06', 'DBT', 'DBT1103', 1, 'PTC/M19/DBT/26', 'ihs', NULL, '2020-10-29 03:08:12', '201905061ful'),
(754, 0, 0, 0, 0, NULL, '2019-05-06', 'DBT', 'DBT1103', 1, 'PTC/M19/DBT/02', 'ihs', NULL, '2020-10-29 03:08:12', '201905061ful'),
(755, 0, 0, 0, 0, NULL, '2019-05-06', 'DBT', 'DBT1104', 1, 'PTC/M19/DBT/33', 'ihs', NULL, '2020-10-29 03:08:12', '201905061ful'),
(756, 0, 0, 0, 0, NULL, '2019-05-06', 'DBT', 'DBT1104', 1, 'PTC/M19/DBT/30', 'ihs', NULL, '2020-10-29 03:08:12', '201905061ful'),
(757, 0, 0, 0, 0, NULL, '2019-05-06', 'DBT', 'DBT1104', 1, 'PTC/M19/DBT/08', 'ihs', NULL, '2020-10-29 03:08:12', '201905061ful'),
(758, 0, 0, 0, 0, NULL, '2019-05-06', 'DBT', 'DBT1104', 1, 'PTC/M19/DBT/31', 'ihs', NULL, '2020-10-29 03:08:12', '201905061ful'),
(759, 0, 0, 0, 0, NULL, '2019-05-06', 'DBT', 'DBT1104', 1, 'PTC/M19/DBT/17', 'ihs', NULL, '2020-10-29 03:08:12', '201905061ful'),
(760, 0, 0, 0, 0, NULL, '2019-05-06', 'DBT', 'DBT1104', 1, 'PTC/M19/DBT/09', 'ihs', NULL, '2020-10-29 03:08:12', '201905061ful'),
(761, 0, 0, 0, 0, NULL, '2019-05-06', 'DBT', 'DBT1104', 1, 'PTC/M19/DBT/28', 'ihs', NULL, '2020-10-29 03:08:12', '201905061ful'),
(762, 0, 0, 0, 0, NULL, '2019-05-06', 'DBT', 'DBT1104', 1, 'PTC/M19/DBT/26', 'ihs', NULL, '2020-10-29 03:08:12', '201905061ful'),
(763, 0, 0, 0, 0, NULL, '2019-05-06', 'DBT', 'DBT1104', 1, 'PTC/M19/DBT/02', 'ihs', NULL, '2020-10-29 03:08:12', '201905061ful'),
(764, 0, 0, 0, 0, NULL, '2019-05-06', 'DBT', 'DBT1104', 1, 'PTC/M19/DBT/15', 'ihs', NULL, '2020-10-29 03:08:12', '201905061ful'),
(765, 0, 0, 0, 0, NULL, '2019-05-06', 'DBT', 'DBT1104', 1, 'PTC/M19/DBT/05', 'ihs', NULL, '2020-10-29 03:08:12', '201905061ful'),
(766, 0, 0, 0, 0, NULL, '2019-05-06', 'DBT', 'DBT1104', 1, 'PTC/M19/DBT/35', 'ihs', NULL, '2020-10-29 03:08:12', '201905061ful'),
(767, 0, 0, 0, 0, NULL, '2019-05-06', 'DBT', 'DBT1104', 1, 'PTC/M19/DBT/32', 'ihs', NULL, '2020-10-29 03:08:12', '201905061ful'),
(768, 0, 0, 0, 0, NULL, '2019-05-06', 'DBT', 'DBT1104', 1, 'PTC/M19/DBT/24', 'ihs', NULL, '2020-10-29 03:08:12', '201905061ful'),
(769, 0, 0, 0, 0, NULL, '2019-05-06', 'DBT', 'DBT1104', 1, 'PTC/M19/DBT/23', 'ihs', NULL, '2020-10-29 03:08:12', '201905061ful'),
(770, 0, 0, 0, 0, NULL, '2019-05-06', 'DBT', 'DBT1104', 1, 'PTC/M19/DBT/25', 'ihs', NULL, '2020-10-29 03:08:12', '201905061ful'),
(771, 0, 0, 0, 0, NULL, '2019-05-06', 'DBT', 'DBT1104', 1, 'PTC/M19/DBT/16', 'ihs', NULL, '2020-10-29 03:08:12', '201905061ful'),
(772, 0, 0, 0, 0, NULL, '2019-05-06', 'DBT', 'DBT1104', 1, 'PTC/M19/DBT/27', 'ihs', NULL, '2020-10-29 03:08:12', '201905061ful'),
(773, 0, 0, 0, 0, NULL, '2019-05-06', 'DBT', 'DBT1106', 1, 'PTC/M19/DBT/33', 'ihs', NULL, '2020-10-29 03:08:12', '201905061ful'),
(774, 0, 0, 0, 0, NULL, '2019-05-06', 'DBT', 'DBT1106', 1, 'PTC/M19/DBT/30', 'ihs', NULL, '2020-10-29 03:08:12', '201905061ful'),
(775, 0, 0, 0, 0, NULL, '2019-05-06', 'DBT', 'DBT1106', 1, 'PTC/M19/DBT/08', 'ihs', NULL, '2020-10-29 03:08:12', '201905061ful'),
(776, 0, 0, 0, 0, NULL, '2019-05-06', 'DBT', 'DBT1106', 1, 'PTC/M19/DBT/31', 'ihs', NULL, '2020-10-29 03:08:12', '201905061ful'),
(777, 0, 0, 0, 0, NULL, '2019-05-06', 'DBT', 'DBT1106', 1, 'PTC/M19/DBT/17', 'ihs', NULL, '2020-10-29 03:08:12', '201905061ful'),
(778, 0, 0, 0, 0, NULL, '2019-05-06', 'DBT', 'DBT1106', 1, 'PTC/M19/DBT/09', 'ihs', NULL, '2020-10-29 03:08:12', '201905061ful'),
(779, 0, 0, 0, 0, NULL, '2019-05-06', 'DBT', 'DBT1106', 1, 'PTC/M19/DBT/28', 'ihs', NULL, '2020-10-29 03:08:12', '201905061ful'),
(780, 0, 0, 0, 0, NULL, '2019-05-06', 'DBT', 'DBT1106', 1, 'PTC/M19/DBT/26', 'ihs', NULL, '2020-10-29 03:08:12', '201905061ful');
INSERT INTO `marks` (`markNum`, `courseWork`, `midExam`, `finalExam`, `totalmark`, `gradeCode`, `intakeDate`, `courseCode`, `courseUnitCode`, `semesterNum`, `studentId`, `updatedBy`, `adminId`, `updateTimestamp`, `semesterDateCode`) VALUES
(781, 0, 0, 0, 0, NULL, '2019-05-06', 'DBT', 'DBT1106', 1, 'PTC/M19/DBT/02', 'ihs', NULL, '2020-10-29 03:08:12', '201905061ful'),
(782, 0, 0, 0, 0, NULL, '2019-05-06', 'DBT', 'DBT1106', 1, 'PTC/M19/DBT/15', 'ihs', NULL, '2020-10-29 03:08:12', '201905061ful'),
(783, 0, 0, 0, 0, NULL, '2019-05-06', 'DBT', 'DBT1106', 1, 'PTC/M19/DBT/05', 'ihs', NULL, '2020-10-29 03:08:12', '201905061ful'),
(784, 0, 0, 0, 0, NULL, '2019-05-06', 'DBT', 'DBT1106', 1, 'PTC/M19/DBT/35', 'ihs', NULL, '2020-10-29 03:08:12', '201905061ful'),
(785, 0, 0, 0, 0, NULL, '2019-05-06', 'DBT', 'DBT1106', 1, 'PTC/M19/DBT/32', 'ihs', NULL, '2020-10-29 03:08:12', '201905061ful'),
(786, 0, 0, 0, 0, NULL, '2019-05-06', 'DBT', 'DBT1106', 1, 'PTC/M19/DBT/24', 'ihs', NULL, '2020-10-29 03:08:12', '201905061ful'),
(787, 0, 0, 0, 0, NULL, '2019-05-06', 'DBT', 'DBT1106', 1, 'PTC/M19/DBT/23', 'ihs', NULL, '2020-10-29 03:08:12', '201905061ful'),
(788, 0, 0, 0, 0, NULL, '2019-05-06', 'DBT', 'DBT1106', 1, 'PTC/M19/DBT/25', 'ihs', NULL, '2020-10-29 03:08:12', '201905061ful'),
(789, 0, 0, 0, 0, NULL, '2019-05-06', 'DBT', 'DBT1106', 1, 'PTC/M19/DBT/16', 'ihs', NULL, '2020-10-29 03:08:12', '201905061ful'),
(790, 0, 0, 0, 0, NULL, '2019-05-06', 'DBT', 'DBT1106', 1, 'PTC/M19/DBT/27', 'ihs', NULL, '2020-10-29 03:08:12', '201905061ful'),
(791, 0, 0, 0, 0, NULL, '2019-05-06', 'DBT', 'DBT1103', 1, 'PTC/M19/DBT/27', 'ihs', NULL, '2020-10-29 03:08:12', '201905061ful'),
(792, 0, 0, 0, 0, NULL, '2018-05-07', 'DBT', 'DBT2201', 4, 'PTC/M18/DBT/14', 'ihs', NULL, '2020-10-29 03:08:12', '201805074ful'),
(793, 0, 0, 0, 0, NULL, '2018-05-07', 'DBT', 'DBT2201', 4, 'PTC/M18/DBT/04', 'ihs', NULL, '2020-10-29 03:08:12', '201805074ful'),
(794, 0, 0, 0, 0, NULL, '2018-05-07', 'DBT', 'DBT2201', 4, 'PTC/M18/DBT/09', 'ihs', NULL, '2020-10-29 03:08:12', '201805074ful'),
(795, 0, 0, 0, 0, NULL, '2018-05-07', 'DBT', 'DBT2201', 4, 'PTC/M18/DBT/10', 'ihs', NULL, '2020-10-29 03:08:12', '201805074ful'),
(796, 0, 0, 0, 0, NULL, '2018-05-07', 'DBT', 'DBT2201', 4, 'PTC/M18/DBT/12', 'ihs', NULL, '2020-10-29 03:08:12', '201805074ful'),
(797, 0, 0, 0, 0, NULL, '2018-05-07', 'DBT', 'DBT2201', 4, 'PTC/M18/DBT/11', 'ihs', NULL, '2020-10-29 03:08:12', '201805074ful'),
(798, 0, 0, 0, 0, NULL, '2018-05-07', 'DBT', 'DBT2201', 4, 'PTC/M18/DBT/06', 'ihs', NULL, '2020-10-29 03:08:12', '201805074ful'),
(799, 0, 0, 0, 0, NULL, '2018-05-07', 'DBT', 'DBT2201', 4, 'PTC/M18/DBT/03', 'ihs', NULL, '2020-10-29 03:08:12', '201805074ful'),
(800, 0, 0, 0, 0, NULL, '2018-05-07', 'DBT', 'DBT2201', 4, 'PTC/M18/DBT/07', 'ihs', NULL, '2020-10-29 03:08:12', '201805074ful'),
(801, 0, 0, 0, 0, NULL, '2018-05-07', 'DBT', 'DBT2201', 4, 'PTC/M18/DBT/13', 'ihs', NULL, '2020-10-29 03:08:12', '201805074ful'),
(802, 0, 0, 0, 0, NULL, '2018-05-07', 'DBT', 'DBT2203', 4, 'PTC/M18/DBT/14', 'ihs', NULL, '2020-10-29 03:08:12', '201805074ful'),
(803, 0, 0, 0, 0, NULL, '2018-05-07', 'DBT', 'DBT2203', 4, 'PTC/M18/DBT/04', 'ihs', NULL, '2020-10-29 03:08:12', '201805074ful'),
(804, 0, 0, 0, 0, NULL, '2018-05-07', 'DBT', 'DBT2203', 4, 'PTC/M18/DBT/09', 'ihs', NULL, '2020-10-29 03:08:12', '201805074ful'),
(805, 0, 0, 0, 0, NULL, '2018-05-07', 'DBT', 'DBT2203', 4, 'PTC/M18/DBT/10', 'ihs', NULL, '2020-10-29 03:08:12', '201805074ful'),
(806, 0, 0, 0, 0, NULL, '2018-05-07', 'DBT', 'DBT2203', 4, 'PTC/M18/DBT/12', 'ihs', NULL, '2020-10-29 03:08:12', '201805074ful'),
(807, 0, 0, 0, 0, NULL, '2018-05-07', 'DBT', 'DBT2203', 4, 'PTC/M18/DBT/11', 'ihs', NULL, '2020-10-29 03:08:12', '201805074ful'),
(808, 0, 0, 0, 0, NULL, '2018-05-07', 'DBT', 'DBT2203', 4, 'PTC/M18/DBT/06', 'ihs', NULL, '2020-10-29 03:08:12', '201805074ful'),
(809, 0, 0, 0, 0, NULL, '2018-05-07', 'DBT', 'DBT2203', 4, 'PTC/M18/DBT/03', 'ihs', NULL, '2020-10-29 03:08:12', '201805074ful'),
(810, 0, 0, 0, 0, NULL, '2018-05-07', 'DBT', 'DBT2203', 4, 'PTC/M18/DBT/07', 'ihs', NULL, '2020-10-29 03:08:12', '201805074ful'),
(811, 0, 0, 0, 0, NULL, '2018-05-07', 'DBT', 'DBT2203', 4, 'PTC/M18/DBT/13', 'ihs', NULL, '2020-10-29 03:08:12', '201805074ful'),
(812, 0, 0, 0, 0, NULL, '2018-05-07', 'DBT', 'DBT2204', 4, 'PTC/M18/DBT/14', 'ihs', NULL, '2020-10-29 03:08:12', '201805074ful'),
(813, 0, 0, 0, 0, NULL, '2018-05-07', 'DBT', 'DBT2204', 4, 'PTC/M18/DBT/04', 'ihs', NULL, '2020-10-29 03:08:12', '201805074ful'),
(814, 0, 0, 0, 0, NULL, '2018-05-07', 'DBT', 'DBT2204', 4, 'PTC/M18/DBT/09', 'ihs', NULL, '2020-10-29 03:08:12', '201805074ful'),
(815, 0, 0, 0, 0, NULL, '2018-05-07', 'DBT', 'DBT2204', 4, 'PTC/M18/DBT/10', 'ihs', NULL, '2020-10-29 03:08:12', '201805074ful'),
(816, 0, 0, 0, 0, NULL, '2018-05-07', 'DBT', 'DBT2204', 4, 'PTC/M18/DBT/12', 'ihs', NULL, '2020-10-29 03:08:12', '201805074ful'),
(817, 0, 0, 0, 0, NULL, '2018-05-07', 'DBT', 'DBT2204', 4, 'PTC/M18/DBT/11', 'ihs', NULL, '2020-10-29 03:08:12', '201805074ful'),
(818, 0, 0, 0, 0, NULL, '2018-05-07', 'DBT', 'DBT2204', 4, 'PTC/M18/DBT/06', 'ihs', NULL, '2020-10-29 03:08:12', '201805074ful'),
(819, 0, 0, 0, 0, NULL, '2018-05-07', 'DBT', 'DBT2204', 4, 'PTC/M18/DBT/03', 'ihs', NULL, '2020-10-29 03:08:12', '201805074ful'),
(820, 0, 0, 0, 0, NULL, '2018-05-07', 'DBT', 'DBT2204', 4, 'PTC/M18/DBT/07', 'ihs', NULL, '2020-10-29 03:08:12', '201805074ful'),
(821, 0, 0, 0, 0, NULL, '2018-05-07', 'DBT', 'DBT2204', 4, 'PTC/M18/DBT/13', 'ihs', NULL, '2020-10-29 03:08:12', '201805074ful'),
(822, 0, 0, 0, 0, NULL, '2018-05-07', 'DBT', 'DBT2205', 4, 'PTC/M18/DBT/14', 'ihs', NULL, '2020-10-29 03:08:12', '201805074ful'),
(823, 0, 0, 0, 0, NULL, '2018-05-07', 'DBT', 'DBT2205', 4, 'PTC/M18/DBT/04', 'ihs', NULL, '2020-10-29 03:08:12', '201805074ful'),
(824, 0, 0, 0, 0, NULL, '2018-05-07', 'DBT', 'DBT2205', 4, 'PTC/M18/DBT/09', 'ihs', NULL, '2020-10-29 03:08:12', '201805074ful'),
(825, 0, 0, 0, 0, NULL, '2018-05-07', 'DBT', 'DBT2205', 4, 'PTC/M18/DBT/10', 'ihs', NULL, '2020-10-29 03:08:12', '201805074ful'),
(826, 0, 0, 0, 0, NULL, '2018-05-07', 'DBT', 'DBT2205', 4, 'PTC/M18/DBT/12', 'ihs', NULL, '2020-10-29 03:08:12', '201805074ful'),
(827, 0, 0, 0, 0, NULL, '2018-05-07', 'DBT', 'DBT2205', 4, 'PTC/M18/DBT/11', 'ihs', NULL, '2020-10-29 03:08:12', '201805074ful'),
(828, 0, 0, 0, 0, NULL, '2018-05-07', 'DBT', 'DBT2205', 4, 'PTC/M18/DBT/06', 'ihs', NULL, '2020-10-29 03:08:12', '201805074ful'),
(829, 0, 0, 0, 0, NULL, '2018-05-07', 'DBT', 'DBT2205', 4, 'PTC/M18/DBT/03', 'ihs', NULL, '2020-10-29 03:08:12', '201805074ful'),
(830, 0, 0, 0, 0, NULL, '2018-05-07', 'DBT', 'DBT2205', 4, 'PTC/M18/DBT/07', 'ihs', NULL, '2020-10-29 03:08:12', '201805074ful'),
(831, 0, 0, 0, 0, NULL, '2018-05-07', 'DBT', 'DBT2205', 4, 'PTC/M18/DBT/13', 'ihs', NULL, '2020-10-29 03:08:12', '201805074ful'),
(832, 0, 0, 0, 0, 'C+', '2019-01-07', 'DBT', 'DBT1101', 1, 'PTC/J19/DBT/07', 'ihs', NULL, '2020-10-29 03:08:12', '201901071ful'),
(833, 0, 0, 0, 0, 'B-', '2019-01-07', 'DBT', 'DBT1102', 1, 'PTC/J19/DBT/07', 'ihs', NULL, '2020-10-29 03:08:12', '201901071ful'),
(834, 0, 0, 0, 0, 'A', '2019-01-07', 'DBT', 'DBT1103', 1, 'PTC/J19/DBT/07', 'ihs', NULL, '2020-10-29 03:08:12', '201901071ful'),
(835, 0, 0, 0, 0, 'A', '2019-01-07', 'DBT', 'DBT1104', 1, 'PTC/J19/DBT/07', 'ihs', NULL, '2020-10-29 03:08:12', '201901071ful'),
(836, 0, 0, 0, 0, 'A', '2019-01-07', 'DBT', 'DBT1106', 1, 'PTC/J19/DBT/07', 'ihs', NULL, '2020-10-29 03:08:12', '201901071ful'),
(837, 0, 0, 0, 0, 'A', '2019-01-07', 'CCM', 'CCM1101', 1, 'PTC/J19/CIT/02', 'ihs', NULL, '2020-10-29 03:08:12', '201901071ful'),
(838, 0, 0, 0, 0, 'B+', '2019-01-07', 'CIT', 'CIT1103', 1, 'PTC/J19/CIT', 'ihs', NULL, '2020-10-29 03:08:12', '201901071ful'),
(839, 0, 0, 0, 0, 'C+', '2019-01-07', 'CIT', 'CIT1104', 1, 'PTC/J19/CIT', 'ihs', NULL, '2020-10-29 03:08:12', '201901071ful'),
(840, 0, 0, 0, 0, 'C+', '2019-01-07', 'CIT', 'CIT1105', 1, 'PTC/J19/CIT', 'ihs', NULL, '2020-10-29 03:08:12', '201901071ful'),
(841, 0, 0, 0, 0, 'A', '2019-01-07', 'CIT', 'CIT1202', 1, 'PTC/J19/CIT', 'ihs', NULL, '2020-10-29 03:08:12', '201901071ful'),
(842, 0, 0, 0, 0, 'C', '2019-01-07', 'CIT', 'CIT1203', 1, 'PTC/J19/CIT', 'ihs', NULL, '2020-10-29 03:08:12', '201901071ful'),
(843, 0, 0, 0, 0, 'C+', '2019-01-07', 'CIT', 'CIT1204', 1, 'PTC/J19/CIT', 'ihs', NULL, '2020-10-29 03:08:12', '201901071ful'),
(844, 0, 0, 0, 0, 'B', '2019-01-07', 'CIT', 'CIT1205', 1, 'PTC/J19/CIT', 'ihs', NULL, '2020-10-29 03:08:12', '201901071ful'),
(845, 0, 0, 0, 0, 'B+', '2019-01-07', 'CIT', 'CIT1206', 1, 'PTC/J19/CIT', 'ihs', NULL, '2020-10-29 03:08:12', '201901071ful'),
(846, 0, 0, 0, 0, 'C', '2019-08-05', NULL, 'ICT1101', 1, 'PTC/J19/DBT/08', 'ihs', NULL, '2020-10-29 03:08:12', '201908051ful'),
(847, 0, 0, 0, 0, 'B+', '2019-08-05', NULL, 'ICT1101', 1, 'PTC/J19/DBT/17', 'ihs', NULL, '2020-10-29 03:08:12', '201908051ful'),
(848, 0, 0, 0, 0, 'B', '2019-01-07', 'CCM', 'CCM1205', 2, 'PTC/J19/CCM/01', 'ihs', NULL, '2020-10-29 03:08:12', '201901072ful'),
(849, 0, 0, 0, 0, 'B+', '2019-01-07', 'CCM', 'CCM1206', 2, 'PTC/J19/CCM/02', 'ihs', NULL, '2020-10-29 03:08:12', '201901072ful'),
(850, 0, 0, 0, 0, 'B', '2019-01-07', 'CCM', 'CCM1101', 1, 'PTC/J19/CIT', 'ihs', NULL, '2020-10-29 03:08:12', '201901071ful'),
(851, 0, 0, 0, 0, 'B+', '2019-01-07', 'CIT', 'CIT1101', 1, 'PTC/J19/CIT', 'ihs', NULL, '2020-10-29 03:08:12', '201901071ful'),
(852, 0, 0, 0, 0, 'A', '2019-01-07', 'CIT', 'CIT1103', 1, 'PTC/J19/CIT/02', 'ihs', NULL, '2020-10-29 03:08:12', '201901071ful'),
(853, 0, 0, 0, 0, 'A', '2019-01-07', 'CIT', 'CIT1104', 1, 'PTC/J19/CIT/02', 'ihs', NULL, '2020-10-29 03:08:12', '201901071ful'),
(854, 0, 0, 0, 0, 'B', '2019-01-07', 'CIT', 'CIT1105', 1, 'PTC/J19/CIT/02', 'ihs', NULL, '2020-10-29 03:08:12', '201901071ful'),
(855, 0, 0, 0, 0, 'A', '2019-01-07', 'CIT', 'CIT1202', 1, 'PTC/J19/CIT/02', 'ihs', NULL, '2020-10-29 03:08:12', '201901071ful'),
(856, 0, 0, 0, 0, 'C+', '2019-01-07', 'CIT', 'CIT1203', 1, 'PTC/J19/CIT/02', 'ihs', NULL, '2020-10-29 03:08:12', '201901071ful'),
(857, 0, 0, 0, 0, 'B-', '2019-01-07', 'CIT', 'CIT1204', 1, 'PTC/J19/CIT/02', 'ihs', NULL, '2020-10-29 03:08:12', '201901071ful'),
(858, 0, 0, 0, 0, 'B+', '2019-01-07', 'CIT', 'CIT1205', 1, 'PTC/J19/CIT/02', 'ihs', NULL, '2020-10-29 03:08:12', '201901071ful'),
(859, 0, 0, 0, 0, 'B+', '2019-01-07', 'CIT', 'CIT1206', 1, 'PTC/J19/CIT/02', 'ihs', NULL, '2020-10-29 03:08:12', '201901071ful'),
(860, 0, 0, 0, 0, 'B-', '2019-08-05', NULL, 'ICT1101', 1, 'PTC/J19/DBT/10', 'ihs', NULL, '2020-10-29 03:08:12', '201908051ful'),
(861, 0, 0, 0, 0, 'C-', '2019-08-05', NULL, 'ICT1101', 1, 'PTC/J19/DBT/16', 'ihs', NULL, '2020-10-29 03:08:12', '201908051ful'),
(862, 0, 0, 0, 0, 'B', '2019-01-07', 'CCM', 'CCM1201', 2, 'PTC/J19/CCM/01', 'ihs', NULL, '2020-10-29 03:08:12', '201901072ful'),
(863, 0, 0, 0, 0, 'A', '2019-01-07', 'CIT', 'CIT1101', 1, 'PTC/J19/CIT/02', 'ihs', NULL, '2020-10-29 03:08:12', '201901071ful'),
(864, 0, 0, 0, 0, 'B-', '2019-01-07', 'CCM', 'CCM1202', 2, 'PTC/J19/CCM/02', 'ihs', NULL, '2020-10-29 03:08:12', '201901072ful'),
(865, 0, 0, 0, 0, 'C+', '2019-01-07', 'CCM', 'CCM1202', 2, 'PTC/J19/CCM/03', 'ihs', NULL, '2020-10-29 03:08:12', '201901072ful'),
(866, 0, 0, 0, 0, 'B+', '2019-01-07', 'CCM', 'CCM1203', 2, 'PTC/J19/CCM/01', 'ihs', NULL, '2020-10-29 03:08:12', '201901072ful'),
(867, 0, 0, 0, 0, 'C', '2019-01-07', 'CCM', 'CCM1204', 2, 'PTC/J19/CCM/02', 'ihs', NULL, '2020-10-29 03:08:12', '201901072ful'),
(868, 0, 0, 0, 0, 'B', '2019-01-07', 'CCM', 'CCM1204', 2, 'PTC/J19/CCM/03', 'ihs', NULL, '2020-10-29 03:08:12', '201901072ful'),
(869, 0, 0, 0, 0, 'B', '2019-01-07', 'CCM', 'CCM1201', 2, 'PTC/J19/CCM/02', 'ihs', NULL, '2020-10-29 03:08:12', '201901072ful'),
(870, 0, 0, 0, 0, 'B-', '2019-01-07', 'CCM', 'CCM1201', 2, 'PTC/J19/CCM/03', 'ihs', NULL, '2020-10-29 03:08:12', '201901072ful'),
(871, 0, 0, 0, 0, 'B-', '2019-01-07', 'CCM', 'CCM1202', 2, 'PTC/J19/CCM/01', 'ihs', NULL, '2020-10-29 03:08:12', '201901072ful'),
(872, 0, 0, 0, 0, 'B', '2019-01-07', 'CCM', 'CCM1203', 2, 'PTC/J19/CCM/02', 'ihs', NULL, '2020-10-29 03:08:12', '201901072ful'),
(873, 0, 0, 0, 0, 'B-', '2019-01-07', 'CCM', 'CCM1203', 2, 'PTC/J19/CCM/03', 'ihs', NULL, '2020-10-29 03:08:12', '201901072ful'),
(874, 0, 0, 0, 0, 'C+', '2019-01-07', 'CCM', 'CCM1204', 2, 'PTC/J19/CCM/01', 'ihs', NULL, '2020-10-29 03:08:12', '201901072ful'),
(875, 0, 0, 0, 0, 'B+', '2019-01-07', 'CCM', 'CCM1205', 2, 'PTC/J19/CCM/02', 'ihs', NULL, '2020-10-29 03:08:12', '201901072ful'),
(876, 0, 0, 0, 0, 'A', '2019-01-07', 'CCM', 'CCM1205', 2, 'PTC/J19/CCM/03', 'ihs', NULL, '2020-10-29 03:08:12', '201901072ful'),
(877, 0, 0, 0, 0, 'B+', '2019-01-07', 'CCM', 'CCM1206', 2, 'PTC/J19/CCM/01', 'ihs', NULL, '2020-10-29 03:08:12', '201901072ful'),
(878, 0, 0, 0, 0, 'B', '2019-01-07', 'CCM', 'CCM1206', 2, 'PTC/J19/CCM/03', 'ihs', NULL, '2020-10-29 03:08:12', '201901072ful'),
(879, 0, 0, 0, 0, 'B', '2019-01-07', 'DBT', 'DBT1201', 2, 'PTC/J19/DBT/09', 'ihs', NULL, '2020-10-29 03:08:12', '201901072ful'),
(880, 0, 0, 0, 0, 'B+', '2019-01-07', 'DBT', 'DBT1201', 2, 'PTC/J19/DBT/10', 'ihs', NULL, '2020-10-29 03:08:12', '201901072ful'),
(881, 0, 0, 0, 0, 'B', '2019-01-07', 'DBT', 'DBT1201', 2, 'PTC/J19/DBT/02', 'ihs', NULL, '2020-10-29 03:08:12', '201901072ful'),
(882, 0, 0, 0, 0, 'C', '2019-01-07', 'DBT', 'DBT1201', 2, 'PTC/J19/DBT/05', 'ihs', NULL, '2020-10-29 03:08:12', '201901072ful'),
(883, 0, 0, 0, 0, 'B', '2019-01-07', 'DBT', 'DBT1201', 2, 'PTC/J19/DBT/12', 'ihs', NULL, '2020-10-29 03:08:12', '201901072ful'),
(884, 0, 0, 0, 0, 'B', '2019-01-07', 'DBT', 'DBT1201', 2, 'PTC/J19/DBT/07', 'ihs', NULL, '2020-10-29 03:08:12', '201901072ful'),
(885, 0, 0, 0, 0, 'B-', '2019-01-07', 'DBT', 'DBT1201', 2, 'PTC/J19/DBT/15', 'ihs', NULL, '2020-10-29 03:08:12', '201901072ful'),
(886, 0, 0, 0, 0, NULL, '2019-01-07', 'DBT', 'DBT1201', 2, 'PTC/J19/DBT/13', 'ihs', NULL, '2020-10-29 03:08:12', '201901072ful'),
(887, 0, 0, 0, 0, 'B', '2019-01-07', 'DBT', 'DBT1201', 2, 'PTC/J19/DBT/04', 'ihs', NULL, '2020-10-29 03:08:12', '201901072ful'),
(888, 0, 0, 0, 0, 'B+', '2019-01-07', 'DBT', 'DBT1201', 2, 'PTC/J19/DBT/08', 'ihs', NULL, '2020-10-29 03:08:12', '201901072ful'),
(889, 0, 0, 0, 0, 'A', '2019-01-07', 'DBT', 'DBT1201', 2, 'PTC/J19/DBT/17', 'ihs', NULL, '2020-10-29 03:08:12', '201901072ful'),
(890, 0, 0, 0, 0, 'B-', '2019-01-07', 'DBT', 'DBT1201', 2, 'PTC/J19/DBT/06', 'ihs', NULL, '2020-10-29 03:08:12', '201901072ful'),
(891, 0, 0, 0, 0, 'B+', '2019-01-07', 'DBT', 'DBT1201', 2, 'PTC/J19/DBT/11', 'ihs', NULL, '2020-10-29 03:08:12', '201901072ful'),
(892, 0, 0, 0, 0, 'B', '2019-01-07', 'DBT', 'DBT1201', 2, 'PTC/J19/DBT/01', 'ihs', NULL, '2020-10-29 03:08:12', '201901072ful'),
(893, 0, 0, 0, 0, 'A', '2019-01-07', 'DBT', 'DBT1201', 2, 'PTC/J19/DBT/16', 'ihs', NULL, '2020-10-29 03:08:12', '201901072ful'),
(894, 0, 0, 0, 0, 'A', '2019-01-07', 'DBT', 'DBT1201', 2, 'PTC/J19/DBT/03', 'ihs', NULL, '2020-10-29 03:08:12', '201901072ful'),
(895, 0, 0, 0, 0, 'B+', '2019-01-07', 'DBT', 'DBT1201', 2, 'PTC/J19/DBT/14', 'ihs', NULL, '2020-10-29 03:08:12', '201901072ful'),
(896, 0, 0, 0, 0, 'A', '2019-01-07', 'DBT', 'DBT1202', 2, 'PTC/J19/DBT/09', 'ihs', NULL, '2020-10-29 03:08:12', '201901072ful'),
(897, 0, 0, 0, 0, 'A', '2019-01-07', 'DBT', 'DBT1202', 2, 'PTC/J19/DBT/10', 'ihs', NULL, '2020-10-29 03:08:12', '201901072ful'),
(898, 0, 0, 0, 0, 'A', '2019-01-07', 'DBT', 'DBT1202', 2, 'PTC/J19/DBT/02', 'ihs', NULL, '2020-10-29 03:08:12', '201901072ful'),
(899, 0, 0, 0, 0, 'A', '2019-01-07', 'DBT', 'DBT1202', 2, 'PTC/J19/DBT/05', 'ihs', NULL, '2020-10-29 03:08:12', '201901072ful'),
(900, 0, 0, 0, 0, 'B', '2019-01-07', 'DBT', 'DBT1202', 2, 'PTC/J19/DBT/12', 'ihs', NULL, '2020-10-29 03:08:12', '201901072ful'),
(901, 0, 0, 0, 0, 'B+', '2019-01-07', 'DBT', 'DBT1202', 2, 'PTC/J19/DBT/07', 'ihs', NULL, '2020-10-29 03:08:12', '201901072ful'),
(902, 0, 0, 0, 0, 'B', '2019-01-07', 'DBT', 'DBT1202', 2, 'PTC/J19/DBT/15', 'ihs', NULL, '2020-10-29 03:08:12', '201901072ful'),
(903, 0, 0, 0, 0, NULL, '2019-01-07', 'DBT', 'DBT1202', 2, 'PTC/J19/DBT/13', 'ihs', NULL, '2020-10-29 03:08:12', '201901072ful'),
(904, 0, 0, 0, 0, 'B', '2019-01-07', 'DBT', 'DBT1202', 2, 'PTC/J19/DBT/04', 'ihs', NULL, '2020-10-29 03:08:12', '201901072ful'),
(905, 0, 0, 0, 0, 'A', '2019-01-07', 'DBT', 'DBT1202', 2, 'PTC/J19/DBT/08', 'ihs', NULL, '2020-10-29 03:08:12', '201901072ful'),
(906, 0, 0, 0, 0, 'A', '2019-01-07', 'DBT', 'DBT1202', 2, 'PTC/J19/DBT/17', 'ihs', NULL, '2020-10-29 03:08:12', '201901072ful'),
(907, 0, 0, 0, 0, 'B+', '2019-01-07', 'DBT', 'DBT1202', 2, 'PTC/J19/DBT/06', 'ihs', NULL, '2020-10-29 03:08:12', '201901072ful'),
(908, 0, 0, 0, 0, 'A', '2019-01-07', 'DBT', 'DBT1202', 2, 'PTC/J19/DBT/11', 'ihs', NULL, '2020-10-29 03:08:12', '201901072ful'),
(909, 0, 0, 0, 0, 'B-', '2019-01-07', 'DBT', 'DBT1202', 2, 'PTC/J19/DBT/01', 'ihs', NULL, '2020-10-29 03:08:12', '201901072ful'),
(910, 0, 0, 0, 0, 'A', '2019-01-07', 'DBT', 'DBT1202', 2, 'PTC/J19/DBT/16', 'ihs', NULL, '2020-10-29 03:08:12', '201901072ful'),
(911, 0, 0, 0, 0, 'A', '2019-01-07', 'DBT', 'DBT1202', 2, 'PTC/J19/DBT/03', 'ihs', NULL, '2020-10-29 03:08:12', '201901072ful'),
(912, 0, 0, 0, 0, 'B-', '2019-01-07', 'DBT', 'DBT1202', 2, 'PTC/J19/DBT/14', 'ihs', NULL, '2020-10-29 03:08:12', '201901072ful'),
(913, 0, 0, 0, 0, 'B-', '2019-01-07', 'DBT', 'DBT1203', 2, 'PTC/J19/DBT/09', 'ihs', NULL, '2020-10-29 03:08:12', '201901072ful'),
(914, 0, 0, 0, 0, 'A', '2019-01-07', 'DBT', 'DBT1203', 2, 'PTC/J19/DBT/10', 'ihs', NULL, '2020-10-29 03:08:12', '201901072ful'),
(915, 0, 0, 0, 0, 'B+', '2019-01-07', 'DBT', 'DBT1203', 2, 'PTC/J19/DBT/02', 'ihs', NULL, '2020-10-29 03:08:12', '201901072ful'),
(916, 0, 0, 0, 0, 'B+', '2019-01-07', 'DBT', 'DBT1203', 2, 'PTC/J19/DBT/05', 'ihs', NULL, '2020-10-29 03:08:12', '201901072ful'),
(917, 0, 0, 0, 0, 'C+', '2019-01-07', 'DBT', 'DBT1203', 2, 'PTC/J19/DBT/12', 'ihs', NULL, '2020-10-29 03:08:12', '201901072ful'),
(918, 0, 0, 0, 0, 'C', '2019-01-07', 'DBT', 'DBT1203', 2, 'PTC/J19/DBT/07', 'ihs', NULL, '2020-10-29 03:08:12', '201901072ful'),
(919, 0, 0, 0, 0, 'C', '2019-01-07', 'DBT', 'DBT1203', 2, 'PTC/J19/DBT/15', 'ihs', NULL, '2020-10-29 03:08:12', '201901072ful'),
(920, 0, 0, 0, 0, NULL, '2019-01-07', 'DBT', 'DBT1203', 2, 'PTC/J19/DBT/13', 'ihs', NULL, '2020-10-29 03:08:12', '201901072ful'),
(921, 0, 0, 0, 0, 'B+', '2019-01-07', 'DBT', 'DBT1203', 2, 'PTC/J19/DBT/04', 'ihs', NULL, '2020-10-29 03:08:12', '201901072ful'),
(922, 0, 0, 0, 0, 'A', '2019-01-07', 'DBT', 'DBT1203', 2, 'PTC/J19/DBT/08', 'ihs', NULL, '2020-10-29 03:08:12', '201901072ful'),
(923, 0, 0, 0, 0, 'A', '2019-01-07', 'DBT', 'DBT1203', 2, 'PTC/J19/DBT/17', 'ihs', NULL, '2020-10-29 03:08:12', '201901072ful'),
(924, 0, 0, 0, 0, 'B+', '2019-01-07', 'DBT', 'DBT1203', 2, 'PTC/J19/DBT/06', 'ihs', NULL, '2020-10-29 03:08:12', '201901072ful'),
(925, 0, 0, 0, 0, 'B-', '2019-01-07', 'DBT', 'DBT1203', 2, 'PTC/J19/DBT/11', 'ihs', NULL, '2020-10-29 03:08:12', '201901072ful'),
(926, 0, 0, 0, 0, 'B', '2019-01-07', 'DBT', 'DBT1203', 2, 'PTC/J19/DBT/01', 'ihs', NULL, '2020-10-29 03:08:12', '201901072ful'),
(927, 0, 0, 0, 0, 'A', '2019-01-07', 'DBT', 'DBT1203', 2, 'PTC/J19/DBT/16', 'ihs', NULL, '2020-10-29 03:08:12', '201901072ful'),
(928, 0, 0, 0, 0, 'C+', '2019-01-07', 'DBT', 'DBT1203', 2, 'PTC/J19/DBT/03', 'ihs', NULL, '2020-10-29 03:08:12', '201901072ful'),
(929, 0, 0, 0, 0, 'B+', '2019-01-07', 'DBT', 'DBT1203', 2, 'PTC/J19/DBT/14', 'ihs', NULL, '2020-10-29 03:08:12', '201901072ful'),
(930, 0, 0, 0, 0, 'C', '2019-01-07', 'DBT', 'DBT1204', 2, 'PTC/J19/DBT/09', 'ihs', NULL, '2020-10-29 03:08:12', '201901072ful'),
(931, 0, 0, 0, 0, 'B+', '2019-01-07', 'DBT', 'DBT1204', 2, 'PTC/J19/DBT/10', 'ihs', NULL, '2020-10-29 03:08:12', '201901072ful'),
(932, 0, 0, 0, 0, 'B', '2019-01-07', 'DBT', 'DBT1204', 2, 'PTC/J19/DBT/02', 'ihs', NULL, '2020-10-29 03:08:12', '201901072ful'),
(933, 0, 0, 0, 0, 'B+', '2019-01-07', 'DBT', 'DBT1204', 2, 'PTC/J19/DBT/05', 'ihs', NULL, '2020-10-29 03:08:12', '201901072ful'),
(934, 0, 0, 0, 0, 'C+', '2019-01-07', 'DBT', 'DBT1204', 2, 'PTC/J19/DBT/12', 'ihs', NULL, '2020-10-29 03:08:12', '201901072ful'),
(935, 0, 0, 0, 0, 'C+', '2019-01-07', 'DBT', 'DBT1204', 2, 'PTC/J19/DBT/07', 'ihs', NULL, '2020-10-29 03:08:12', '201901072ful'),
(936, 0, 0, 0, 0, 'C+', '2019-01-07', 'DBT', 'DBT1204', 2, 'PTC/J19/DBT/15', 'ihs', NULL, '2020-10-29 03:08:12', '201901072ful'),
(937, 0, 0, 0, 0, NULL, '2019-01-07', 'DBT', 'DBT1204', 2, 'PTC/J19/DBT/13', 'ihs', NULL, '2020-10-29 03:08:12', '201901072ful'),
(938, 0, 0, 0, 0, 'C+', '2019-01-07', 'DBT', 'DBT1204', 2, 'PTC/J19/DBT/04', 'ihs', NULL, '2020-10-29 03:08:12', '201901072ful'),
(939, 0, 0, 0, 0, 'B+', '2019-01-07', 'DBT', 'DBT1204', 2, 'PTC/J19/DBT/08', 'ihs', NULL, '2020-10-29 03:08:12', '201901072ful'),
(940, 0, 0, 0, 0, 'A', '2019-01-07', 'DBT', 'DBT1204', 2, 'PTC/J19/DBT/17', 'ihs', NULL, '2020-10-29 03:08:12', '201901072ful'),
(941, 0, 0, 0, 0, 'B+', '2019-01-07', 'DBT', 'DBT1204', 2, 'PTC/J19/DBT/06', 'ihs', NULL, '2020-10-29 03:08:12', '201901072ful'),
(942, 0, 0, 0, 0, 'B+', '2019-01-07', 'DBT', 'DBT1204', 2, 'PTC/J19/DBT/11', 'ihs', NULL, '2020-10-29 03:08:12', '201901072ful'),
(943, 0, 0, 0, 0, 'C+', '2019-01-07', 'DBT', 'DBT1204', 2, 'PTC/J19/DBT/01', 'ihs', NULL, '2020-10-29 03:08:12', '201901072ful'),
(944, 0, 0, 0, 0, 'A', '2019-01-07', 'DBT', 'DBT1204', 2, 'PTC/J19/DBT/16', 'ihs', NULL, '2020-10-29 03:08:12', '201901072ful'),
(945, 0, 0, 0, 0, 'B+', '2019-01-07', 'DBT', 'DBT1204', 2, 'PTC/J19/DBT/03', 'ihs', NULL, '2020-10-29 03:08:12', '201901072ful'),
(946, 0, 0, 0, 0, 'A', '2019-01-07', 'DBT', 'DBT1204', 2, 'PTC/J19/DBT/14', 'ihs', NULL, '2020-10-29 03:08:12', '201901072ful'),
(947, 0, 0, 0, 0, 'A', '2019-01-07', 'DBT', 'DBT1205', 2, 'PTC/J19/DBT/09', 'ihs', NULL, '2020-10-29 03:08:12', '201901072ful'),
(948, 0, 0, 0, 0, 'B', '2019-01-07', 'DBT', 'DBT1205', 2, 'PTC/J19/DBT/10', 'ihs', NULL, '2020-10-29 03:08:12', '201901072ful'),
(949, 0, 0, 0, 0, 'A', '2019-01-07', 'DBT', 'DBT1205', 2, 'PTC/J19/DBT/02', 'ihs', NULL, '2020-10-29 03:08:12', '201901072ful'),
(950, 0, 0, 0, 0, 'A', '2019-01-07', 'DBT', 'DBT1205', 2, 'PTC/J19/DBT/05', 'ihs', NULL, '2020-10-29 03:08:12', '201901072ful'),
(951, 0, 0, 0, 0, 'B', '2019-01-07', 'DBT', 'DBT1205', 2, 'PTC/J19/DBT/12', 'ihs', NULL, '2020-10-29 03:08:12', '201901072ful'),
(952, 0, 0, 0, 0, 'A', '2019-01-07', 'DBT', 'DBT1205', 2, 'PTC/J19/DBT/07', 'ihs', NULL, '2020-10-29 03:08:12', '201901072ful'),
(953, 0, 0, 0, 0, 'B-', '2019-01-07', 'DBT', 'DBT1205', 2, 'PTC/J19/DBT/15', 'ihs', NULL, '2020-10-29 03:08:12', '201901072ful'),
(954, 0, 0, 0, 0, NULL, '2019-01-07', 'DBT', 'DBT1205', 2, 'PTC/J19/DBT/13', 'ihs', NULL, '2020-10-29 03:08:12', '201901072ful'),
(955, 0, 0, 0, 0, 'B', '2019-01-07', 'DBT', 'DBT1205', 2, 'PTC/J19/DBT/04', 'ihs', NULL, '2020-10-29 03:08:12', '201901072ful'),
(956, 0, 0, 0, 0, 'B-', '2019-01-07', 'DBT', 'DBT1205', 2, 'PTC/J19/DBT/08', 'ihs', NULL, '2020-10-29 03:08:12', '201901072ful'),
(957, 0, 0, 0, 0, 'A', '2019-01-07', 'DBT', 'DBT1205', 2, 'PTC/J19/DBT/17', 'ihs', NULL, '2020-10-29 03:08:12', '201901072ful'),
(958, 0, 0, 0, 0, 'A', '2019-01-07', 'DBT', 'DBT1205', 2, 'PTC/J19/DBT/06', 'ihs', NULL, '2020-10-29 03:08:12', '201901072ful'),
(959, 0, 0, 0, 0, 'A', '2019-01-07', 'DBT', 'DBT1205', 2, 'PTC/J19/DBT/11', 'ihs', NULL, '2020-10-29 03:08:12', '201901072ful'),
(960, 0, 0, 0, 0, 'A', '2019-01-07', 'DBT', 'DBT1205', 2, 'PTC/J19/DBT/01', 'ihs', NULL, '2020-10-29 03:08:12', '201901072ful'),
(961, 0, 0, 0, 0, 'A', '2019-01-07', 'DBT', 'DBT1205', 2, 'PTC/J19/DBT/16', 'ihs', NULL, '2020-10-29 03:08:12', '201901072ful'),
(962, 0, 0, 0, 0, 'A', '2019-01-07', 'DBT', 'DBT1205', 2, 'PTC/J19/DBT/03', 'ihs', NULL, '2020-10-29 03:08:12', '201901072ful'),
(963, 0, 0, 0, 0, 'B+', '2019-01-07', 'DBT', 'DBT1205', 2, 'PTC/J19/DBT/14', 'ihs', NULL, '2020-10-29 03:08:12', '201901072ful'),
(964, 0, 0, 0, 0, 'B+', '2019-01-07', 'DBT', 'DBT1206', 2, 'PTC/J19/DBT/09', 'ihs', NULL, '2020-10-29 03:08:12', '201901072ful'),
(965, 0, 0, 0, 0, 'A', '2019-01-07', 'DBT', 'DBT1206', 2, 'PTC/J19/DBT/10', 'ihs', NULL, '2020-10-29 03:08:12', '201901072ful'),
(966, 0, 0, 0, 0, 'B+', '2019-01-07', 'DBT', 'DBT1206', 2, 'PTC/J19/DBT/02', 'ihs', NULL, '2020-10-29 03:08:12', '201901072ful'),
(967, 0, 0, 0, 0, 'A', '2019-01-07', 'DBT', 'DBT1206', 2, 'PTC/J19/DBT/05', 'ihs', NULL, '2020-10-29 03:08:12', '201901072ful'),
(968, 0, 0, 0, 0, 'B', '2019-01-07', 'DBT', 'DBT1206', 2, 'PTC/J19/DBT/12', 'ihs', NULL, '2020-10-29 03:08:12', '201901072ful'),
(969, 0, 0, 0, 0, 'A', '2019-01-07', 'DBT', 'DBT1206', 2, 'PTC/J19/DBT/07', 'ihs', NULL, '2020-10-29 03:08:12', '201901072ful'),
(970, 0, 0, 0, 0, 'B', '2019-01-07', 'DBT', 'DBT1206', 2, 'PTC/J19/DBT/15', 'ihs', NULL, '2020-10-29 03:08:12', '201901072ful'),
(971, 0, 0, 0, 0, NULL, '2019-01-07', 'DBT', 'DBT1206', 2, 'PTC/J19/DBT/13', 'ihs', NULL, '2020-10-29 03:08:12', '201901072ful'),
(972, 0, 0, 0, 0, 'B+', '2019-01-07', 'DBT', 'DBT1206', 2, 'PTC/J19/DBT/04', 'ihs', NULL, '2020-10-29 03:08:12', '201901072ful'),
(973, 0, 0, 0, 0, 'A', '2019-01-07', 'DBT', 'DBT1206', 2, 'PTC/J19/DBT/08', 'ihs', NULL, '2020-10-29 03:08:12', '201901072ful'),
(974, 0, 0, 0, 0, 'A', '2019-01-07', 'DBT', 'DBT1206', 2, 'PTC/J19/DBT/17', 'ihs', NULL, '2020-10-29 03:08:12', '201901072ful'),
(975, 0, 0, 0, 0, 'B+', '2019-01-07', 'DBT', 'DBT1206', 2, 'PTC/J19/DBT/06', 'ihs', NULL, '2020-10-29 03:08:12', '201901072ful'),
(976, 0, 0, 0, 0, 'A', '2019-01-07', 'DBT', 'DBT1206', 2, 'PTC/J19/DBT/11', 'ihs', NULL, '2020-10-29 03:08:12', '201901072ful'),
(977, 0, 0, 0, 0, 'B+', '2019-01-07', 'DBT', 'DBT1206', 2, 'PTC/J19/DBT/01', 'ihs', NULL, '2020-10-29 03:08:12', '201901072ful'),
(978, 0, 0, 0, 0, 'A', '2019-01-07', 'DBT', 'DBT1206', 2, 'PTC/J19/DBT/16', 'ihs', NULL, '2020-10-29 03:08:12', '201901072ful'),
(979, 0, 0, 0, 0, 'B+', '2019-01-07', 'DBT', 'DBT1206', 2, 'PTC/J19/DBT/03', 'ihs', NULL, '2020-10-29 03:08:12', '201901072ful'),
(980, 0, 0, 0, 0, 'A', '2019-01-07', 'DBT', 'DBT1206', 2, 'PTC/J19/DBT/14', 'ihs', NULL, '2020-10-29 03:08:12', '201901072ful'),
(983, 0, 0, 0, 0, NULL, NULL, 'CCM', NULL, 1, 'PTC/J19/CCM/01', NULL, NULL, '2021-06-26 11:06:39', '20210611ful'),
(982, 0, 0, 0, 0, NULL, NULL, 'DBT', NULL, 1, 'PTC/A18/DBT/02', NULL, NULL, '2021-06-25 20:46:06', '20210611ful'),
(984, 0, 0, 0, 0, NULL, NULL, 'CCM', NULL, 1, 'PTC/J19/CCM/02', NULL, NULL, '2021-06-26 11:06:45', '20210611ful'),
(985, 0, 0, 0, 0, NULL, NULL, 'CCM', NULL, 1, 'PTC/J19/CCM/03', NULL, NULL, '2021-06-26 11:06:52', '20210611ful'),
(986, 0, 0, 0, 0, NULL, NULL, 'CCM', NULL, 1, 'PTC/J19/CCM/03', NULL, NULL, '2021-06-26 11:06:54', '20210611ful'),
(987, 0, 0, 0, 0, NULL, NULL, 'DBT', NULL, 1, 'PTC/A18/DBT/10', NULL, NULL, '2021-07-01 07:25:36', '20210611ful'),
(988, 0, 0, 0, 0, NULL, NULL, 'DBT', NULL, 1, 'PTC/A18/DBT/02', NULL, NULL, '2021-07-01 07:25:49', '20210611ful'),
(989, 0, 0, 0, 0, NULL, NULL, 'DBT', NULL, 1, 'PTC/A18/DBT/11', NULL, NULL, '2021-07-01 07:25:59', '20210611ful'),
(990, 0, 0, 0, 0, NULL, NULL, 'DBT', NULL, 1, 'PTC/A18/DBT/09', NULL, NULL, '2021-07-01 07:26:09', '20210611ful'),
(991, 0, 0, 0, 0, NULL, NULL, 'DBT', NULL, 1, 'PTC/A18/DBT/04', NULL, NULL, '2021-07-01 07:26:18', '20210611ful'),
(993, 10, 10, 10, 10, 'a', NULL, 'DBT', 'DBT1101', NULL, 'PTC/A18/DBT/09', NULL, NULL, '2021-07-02 08:57:38', '20210611ful'),
(1003, 23, 10, 25, 23, 'a', NULL, 'DBT', 'DBT1101', NULL, 'PTC/A18/DBT/02', NULL, NULL, '2021-07-03 10:29:50', '20210611ful'),
(1002, 12, 8, 78, 78, 'a', NULL, 'DBT', 'DBT1101', NULL, 'PTC/A18/DBT/09', NULL, NULL, '2021-07-03 10:26:45', '20210611ful'),
(1001, 2, 8, 78, 78, 'a', NULL, 'DBT', 'DBT1101', NULL, 'PTC/A18/DBT/09', NULL, NULL, '2021-07-02 11:40:37', '20210611ful'),
(998, 10, 10, 25, 23, 'a', NULL, 'DBT', 'DBT1101', NULL, 'PTC/A18/DBT/02', NULL, NULL, '2021-07-02 10:11:27', '20210611ful'),
(999, 10, 10, 25, 23, 'a', NULL, 'DBT', 'DBT1101', NULL, 'PTC/A18/DBT/02', NULL, NULL, '2021-07-02 10:11:31', '20210611ful'),
(1000, 20, 23, 23, 23, 'A', NULL, 'DBT', 'DBT1101', NULL, 'PTC/A18/DBT/02', NULL, NULL, '2021-07-02 10:13:28', '20210611ful');

-- --------------------------------------------------------

--
-- Table structure for table `semesterdates`
--

DROP TABLE IF EXISTS `semesterdates`;
CREATE TABLE IF NOT EXISTS `semesterdates` (
  `semesterDateCode` varchar(12) NOT NULL DEFAULT 'null',
  `semesterDateName` varchar(50) DEFAULT NULL,
  `startDate` date DEFAULT NULL,
  `endDate` date DEFAULT NULL,
  `studyProgramme` varchar(3) NOT NULL DEFAULT 'ful',
  `updateTimestamp` datetime DEFAULT current_timestamp(),
  `adminId` varchar(17) DEFAULT 'not applicable',
  PRIMARY KEY (`semesterDateCode`),
  KEY `adminId` (`adminId`)
) ENGINE=MyISAM AUTO_INCREMENT=18 DEFAULT CHARSET=latin1;

--
-- Dumping data for table `semesterdates`
--

INSERT INTO `semesterdates` (`semesterDateCode`, `semesterDateName`, `startDate`, `endDate`, `studyProgramme`, `updateTimestamp`, `adminId`) VALUES
('201805071ful', 'MAY 2018 11', '2018-05-07', '2018-05-07', 'ful', '2020-10-27 09:27:24', 'not applicable'),
('201808061ful', 'AUGUST 2018 11', '2018-08-06', '2018-08-06', 'ful', '2020-10-27 09:27:24', 'not applicable'),
('201805072ful', 'MAY 2018 12', '2018-12-03', '2018-12-03', 'ful', '2020-10-27 09:27:24', 'not applicable'),
('201901071ful', 'JAN 2019 11', '2019-01-07', '2019-01-07', 'ful', '2020-10-27 09:27:24', 'not applicable'),
('201805073ful', 'MAY 2018 21', '2019-01-07', '2019-01-07', 'ful', '2020-10-27 09:27:24', 'not applicable'),
('201808062ful', 'AUGUST 2018 12', '2019-01-07', '2019-01-07', 'ful', '2020-10-27 09:27:24', 'not applicable'),
('201905061ful', 'MAY 2019 11', '2019-05-06', '2019-05-06', 'ful', '2020-10-27 09:27:24', 'not applicable'),
('201908051ful', 'AUg 2019 11', '2019-08-05', '2019-08-05', 'ful', '2020-10-27 09:27:24', 'not applicable'),
('201901072ful', 'JAN 2019 12', '2019-08-05', '2019-08-05', 'ful', '2020-10-27 09:27:24', 'not applicable'),
('201905062ful', 'MAY 2019 12', '2019-05-06', '2019-05-06', 'ful', '2020-10-27 09:27:24', 'not applicable'),
('201805074ful', 'MAY 2018 22', '2019-12-07', '2019-12-07', 'ful', '2020-10-27 09:27:24', 'not applicable'),
('201808063ful', 'AUGUST 2018 21', '2019-08-05', '2019-08-05', 'ful', '2020-10-27 09:27:25', 'not applicable'),
('202001061ful', 'JAN 2020 11', '2020-01-07', '2020-01-07', 'ful', '2020-10-27 09:27:25', 'not applicable'),
('201908052ful', 'AUg 2019 12', '2020-01-07', '2020-01-07', 'ful', '2020-10-27 09:27:25', 'not applicable'),
('201901073ful', 'JAN 2019 21', '2020-01-07', '2020-01-07', 'ful', '2020-10-27 09:27:25', 'not applicable'),
('201905063ful', 'MAY 2019 21', '2020-01-07', '2020-01-07', 'ful', '2020-10-27 09:27:25', 'not applicable'),
('201808064ful', 'AUGUST 2018 22', '2019-08-05', '2019-08-05', 'ful', '2020-10-27 09:27:28', 'not applicable'),
('20210611ful', 'sdsds', '2021-06-11', '2021-06-16', 'ful', '2021-06-10 11:27:33', 'not applicable'),
('201908053ful', 'AUg 2019 21', '2020-01-07', '2020-01-07', 'ful', '2020-10-27 09:27:25', 'not applicable'),
('201908054ful', 'AUg 2019 22', '2020-01-07', '2020-01-07', 'ful', '2020-10-27 09:27:25', 'not applicable'),
('202001062ful', 'JAN 2020 12', '2020-01-07', '2020-01-07', 'ful', '2020-10-27 09:27:25', 'not applicable'),
('202001064ful', 'JAN 2020 22', '2020-01-07', '2020-01-07', 'ful', '2020-10-27 09:27:25', 'not applicable'),
('202001063ful', 'JAN 2020 21', '2020-01-07', '2020-01-07', 'ful', '2020-10-27 09:27:25', 'not applicable');

-- --------------------------------------------------------

--
-- Table structure for table `semesterenrolledstudents`
--

DROP TABLE IF EXISTS `semesterenrolledstudents`;
CREATE TABLE IF NOT EXISTS `semesterenrolledstudents` (
  `semRegNum` int(4) NOT NULL AUTO_INCREMENT,
  `studentId` varchar(20) DEFAULT NULL,
  `semesterDateCode` varchar(12) DEFAULT NULL,
  `semesterNum` int(3) DEFAULT NULL,
  `courseCode` varchar(10) DEFAULT NULL,
  PRIMARY KEY (`semRegNum`),
  KEY `studentId` (`studentId`),
  KEY `semesterDateCode` (`semesterDateCode`),
  KEY `semesterNum` (`semesterNum`),
  KEY `courseCode` (`courseCode`)
) ENGINE=MyISAM AUTO_INCREMENT=4 DEFAULT CHARSET=latin1;

--
-- Dumping data for table `semesterenrolledstudents`
--

INSERT INTO `semesterenrolledstudents` (`semRegNum`, `studentId`, `semesterDateCode`, `semesterNum`, `courseCode`) VALUES
(1, 'PTC/A18/DBT/10', '20210611ful', 1, 'DBT'),
(2, 'PTC/A18/DBT/02', '20210611ful', 1, 'DBT'),
(3, 'PTC/A18/DBT/09', '20210611ful', 1, 'DBT');

-- --------------------------------------------------------

--
-- Table structure for table `semesters`
--

DROP TABLE IF EXISTS `semesters`;
CREATE TABLE IF NOT EXISTS `semesters` (
  `semesterNum` int(3) NOT NULL AUTO_INCREMENT,
  `semesterName` varchar(5) DEFAULT NULL,
  `updateTimestamp` datetime DEFAULT current_timestamp(),
  `adminId` varchar(17) DEFAULT 'not applicable',
  PRIMARY KEY (`semesterNum`),
  KEY `adminId` (`adminId`)
) ENGINE=MyISAM AUTO_INCREMENT=8 DEFAULT CHARSET=latin1;

--
-- Dumping data for table `semesters`
--

INSERT INTO `semesters` (`semesterNum`, `semesterName`, `updateTimestamp`, `adminId`) VALUES
(1, '1', '2020-10-27 04:31:52', 'not applicable'),
(2, '12', '2020-10-27 04:34:47', 'not applicable'),
(3, '21', '2020-10-27 04:34:47', 'not applicable'),
(4, '22', '2020-10-27 04:34:47', 'not applicable'),
(5, '31', '2020-10-27 04:34:47', 'not applicable'),
(6, '32', '2020-10-27 04:34:48', 'not applicable'),
(7, '41', '2020-10-30 04:40:33', 'PTCF202005');

-- --------------------------------------------------------

--
-- Table structure for table `students`
--

DROP TABLE IF EXISTS `students`;
CREATE TABLE IF NOT EXISTS `students` (
  `studentId` varchar(20) NOT NULL,
  `fname` varchar(30) DEFAULT NULL,
  `mname` varchar(30) DEFAULT NULL,
  `lname` varchar(30) DEFAULT NULL,
  `title` varchar(5) DEFAULT NULL,
  `birthDate` date DEFAULT '0000-00-00',
  `gender` varchar(5) DEFAULT 'noVal',
  `maritalStatus` varchar(10) DEFAULT NULL,
  `children` int(2) DEFAULT NULL,
  `branchNum` int(3) DEFAULT NULL,
  `district` varchar(50) DEFAULT 'no district',
  `county` varchar(50) DEFAULT 'null',
  `phoneAddress1` varchar(15) DEFAULT NULL,
  `phoneAddress2` varchar(15) DEFAULT NULL,
  `emailAddress` varchar(100) DEFAULT NULL,
  `educationLevel` varchar(30) NOT NULL DEFAULT 'O Level',
  `intakeDate` date DEFAULT NULL,
  `entrylevel` varchar(9) DEFAULT NULL,
  `enrollmentStatus` varchar(10) DEFAULT NULL,
  `studentStatus` varchar(10) DEFAULT NULL,
  `updateTimestamp` datetime DEFAULT current_timestamp(),
  `adminId` varchar(17) DEFAULT 'Admin',
  `courseCode` varchar(6) DEFAULT 'Null',
  `passwords` varchar(30) DEFAULT '123',
  `studyprogramme` varchar(10) DEFAULT 'fulltime',
  `subCounty` varchar(50) DEFAULT 'no subcounty',
  `parish` varchar(50) DEFAULT 'no parish',
  `village` varchar(50) DEFAULT 'no village',
  `nation` varchar(50) DEFAULT 'no nation',
  PRIMARY KEY (`studentId`),
  KEY `intakeDate` (`intakeDate`),
  KEY `adminId` (`adminId`),
  KEY `courseCode` (`courseCode`)
) ENGINE=MyISAM DEFAULT CHARSET=latin1;

--
-- Dumping data for table `students`
--

INSERT INTO `students` (`studentId`, `fname`, `mname`, `lname`, `title`, `birthDate`, `gender`, `maritalStatus`, `children`, `branchNum`, `district`, `county`, `phoneAddress1`, `phoneAddress2`, `emailAddress`, `educationLevel`, `intakeDate`, `entrylevel`, `enrollmentStatus`, `studentStatus`, `updateTimestamp`, `adminId`, `courseCode`, `passwords`, `studyprogramme`, `subCounty`, `parish`, `village`, `nation`) VALUES
('PTC/A18/CCM/08', 'Kanyerere', 'null', 'Dorothy', 'pr', '0199-10-08', 'f', 'sing', 3, 1, 'mbale', 'county', '+256753004637', '0', 'nulls', 'A Level', '2018-08-05', 'undefined', 'A', 'activ', '2019-12-03 13:32:45', 'Admin', 'CCM', '123', 'ful', 'mba', 'mba', 'mbal', 'uganda'),
('PTC/M18/DBT/13', 'Watsombessss', 'Arphanad', 'kuloba', 'Mr.', NULL, NULL, NULL, NULL, 1, NULL, NULL, NULL, NULL, NULL, 'O Level', '2018-05-07', NULL, 'A', 'active', '2019-11-22 15:14:40', 'Admin', 'DBT', '123', 'ful', 'no subcounty', 'no parish', 'no village', 'no nation'),
('PTC/A18/DBT/10', 'Omoding', '', 'Emmanuel', 'Mr.', NULL, NULL, NULL, NULL, 1, NULL, NULL, NULL, NULL, NULL, 'O Level', '2018-08-06', NULL, 'A', 'gradrant', '2019-11-22 15:11:04', 'Admin', 'DBT', '123', 'ful', 'no subcounty', 'no parish', 'no village', 'no nation'),
('PTC/M18/DBT/11', 'Lunyolo', 'null', 'Catherine', 'Mrs.', NULL, 'F', 'Married', NULL, 1, 'null', 'null', '0', '', NULL, 'O Level', '2018-05-07', NULL, 'A', 'active', '2019-11-22 15:12:56', 'Admin', 'DBT', '123', 'ful', 'no subcounty', 'no parish', 'no village', 'no nation'),
('PTC/M18/DBT/06', 'Mirembe', '', 'Deborah', 'Mrs', NULL, NULL, NULL, NULL, 1, NULL, NULL, NULL, NULL, NULL, 'O Level', '2018-05-07', NULL, 'A', 'active', '2019-11-22 12:44:03', 'Admin', 'DBT', '123', 'ful', 'no subcounty', 'no parish', 'no village', 'no nation'),
('PTC/M18/DBT/03', 'Omoding', '', 'Emmanuel', NULL, NULL, NULL, NULL, NULL, 1, NULL, NULL, NULL, NULL, NULL, 'O Level', '2018-05-07', NULL, 'A', 'active', '2019-12-05 15:44:42', 'Admin', 'DBT', '123', 'ful', 'no subcounty', 'no parish', 'no village', 'no nation'),
('PTC/J20/DBT/03', 'Aisu', '', 'Samuel', 'mr', NULL, 'M', 'M', NULL, 1, NULL, NULL, NULL, NULL, NULL, 'O Level', '2020-01-06', NULL, 'A', 'active', '2020-08-11 13:08:01', 'Admin', 'DBT', '123', 'ful', 'no subcounty', 'no parish', 'no village', 'no nation'),
('PTC/M18/DBT/09', 'Hinghabire', '', 'Brian', 'Mr.', NULL, NULL, NULL, NULL, 1, NULL, NULL, NULL, NULL, NULL, 'O Level', '2018-05-07', NULL, 'A', 'active', '2019-12-03 13:16:19', 'Admin', 'DBT', '123', 'ful', 'no subcounty', 'no parish', 'no village', 'no nation'),
('PTC/M18/DBT/04', 'Akomo', '', 'Julius', 'Mr.', NULL, NULL, NULL, NULL, 1, NULL, NULL, NULL, NULL, NULL, 'O Level', '2018-05-07', NULL, 'A', 'active', '2019-11-22 15:11:53', 'Admin', 'DBT', '123', 'ful', 'no subcounty', 'no parish', 'no village', 'no nation'),
('PTC/J20/DBT/04', 'Murashi', '', 'Benon', 'mr', NULL, 'M', 'M', NULL, 1, NULL, NULL, NULL, NULL, NULL, 'O Level', '2020-01-06', NULL, 'A', 'active', '2020-08-11 13:18:34', 'Admin', 'DBT', '123', 'ful', 'no subcounty', 'no parish', 'no village', 'no nation'),
('PTC/J20/DBT/01', 'Okiror', 'Robert', 'Alfred', 'mr', NULL, 'M', 'M', NULL, 1, NULL, NULL, NULL, NULL, NULL, 'O Level', '2020-01-06', NULL, 'A', 'active', '2020-08-11 13:04:34', 'Admin', 'DBT', '123', 'ful', 'no subcounty', 'no parish', 'no village', 'no nation'),
('PTC/A18/DBT/02', 'Nambale', '', 'Philip', 'Mr.', NULL, NULL, NULL, NULL, 1, NULL, NULL, NULL, NULL, NULL, 'O Level', '2018-08-06', NULL, 'A', 'gradrant', '2019-11-22 15:24:02', 'Admin', 'DBT', '123', 'ful', 'no subcounty', 'no parish', 'no village', 'no nation'),
('PTC/M18/DBT/07', 'Wakwabubi', '', 'Godfrey', NULL, NULL, NULL, NULL, NULL, 1, NULL, NULL, NULL, NULL, NULL, 'O Level', '2018-05-07', NULL, 'A', 'active', '2019-12-05 15:42:58', 'Admin', 'DBT', '123', 'ful', 'no subcounty', 'no parish', 'no village', 'no nation'),
('PTC/A18/DBT/11', 'Abee', '', 'Scovia', 'Mrs.', NULL, NULL, NULL, NULL, 1, NULL, NULL, NULL, NULL, NULL, 'O Level', '2018-08-06', NULL, 'A', 'gradrant', '2019-12-03 13:12:14', 'Admin', 'DBT', '123', 'ful', 'no subcounty', 'no parish', 'no village', 'no nation'),
('PTC/M18/DBT/10', 'Kibuka', '', 'Paul', 'Mr.', NULL, NULL, NULL, NULL, 1, NULL, NULL, NULL, NULL, NULL, 'O Level', '2018-05-07', NULL, 'A', 'active', '2019-11-22 15:15:19', 'Admin', 'DBT', '123', 'ful', 'no subcounty', 'no parish', 'no village', 'no nation'),
('PTC/M18/DBT/14', 'Akol', '', 'Andrew', 'M', NULL, NULL, NULL, NULL, 1, NULL, NULL, NULL, NULL, NULL, 'O Level', '2018-05-07', NULL, 'A', 'active', '2019-12-03 13:13:03', 'Admin', 'DBT', '123', 'ful', 'no subcounty', 'no parish', 'no village', 'no nation'),
('PTC/A18/DBT/09', 'Awinjo', 'Sarah', 'Christine', 'Ms', NULL, NULL, NULL, NULL, 1, NULL, NULL, NULL, NULL, NULL, 'O Level', '2018-08-06', NULL, 'A', 'gradrant', '2019-11-22 15:27:16', 'Admin', 'DBT', '123', 'ful', 'no subcounty', 'no parish', 'no village', 'no nation'),
('PTC/A18/DBT/04', 'Masuba', 'Mae', 'Kathleen', 'Mrs', NULL, NULL, NULL, NULL, 1, NULL, NULL, NULL, NULL, NULL, 'O Level', '2018-08-06', NULL, 'A', 'gradrant', '2019-11-22 15:25:02', 'Admin', 'DBT', '123', 'ful', 'no subcounty', 'no parish', 'no village', 'no nation'),
('PTC/M18/CCM/05', 'Semugabi', '', 'Christopher', NULL, NULL, NULL, NULL, NULL, 1, NULL, NULL, NULL, NULL, NULL, 'O Level', '2018-05-07', NULL, 'A', 'active', '2019-11-22 12:39:47', 'Admin', 'CCM', '123', 'ful', 'no subcounty', 'no parish', 'no village', 'no nation'),
('PTC/A18/DBT/05', 'Wekesa', 'Fredrick', 'Bazilio', 'Mr.', NULL, NULL, NULL, NULL, 1, NULL, NULL, NULL, NULL, NULL, 'O Level', '2018-08-06', NULL, 'A', 'gradrant', '2019-11-22 15:26:09', 'Admin', 'DBT', '123', 'ful', 'no subcounty', 'no parish', 'no village', 'no nation'),
('PTC/A18/CCM/02', 'madio', 'Micthaell', 'julius', NULL, NULL, NULL, NULL, NULL, 1, NULL, NULL, NULL, NULL, NULL, 'O Level', '2018-08-06', NULL, 'A', 'gradrant', '2019-12-03 13:35:29', 'Admin', 'CCM', '123', 'ful', 'no subcounty', 'no parish', 'no village', 'no nation'),
('PTC/M18/DBT/12', 'Komakech', 'Peter', 'Simon', NULL, NULL, NULL, NULL, NULL, 1, NULL, NULL, NULL, NULL, NULL, 'O Level', '2018-05-07', NULL, 'A', 'active', '2019-12-05 15:45:49', 'Admin', 'DBT', '123', 'ful', 'no subcounty', 'no parish', 'no village', 'no nation'),
('PTC/J20/DBT/02', 'Moko', '', 'Peter', NULL, NULL, 'M', NULL, NULL, 1, NULL, NULL, NULL, NULL, NULL, 'O Level', '2020-01-06', NULL, 'A', 'active', '2020-08-11 13:05:14', 'Admin', 'DBT', '123', 'ful', 'no subcounty', 'no parish', 'no village', 'no nation'),
('PTC/J20/CCM/08', 'Abeu', '', 'Daniel', 'mr', NULL, 'M', NULL, NULL, 1, NULL, NULL, NULL, NULL, NULL, 'O Level', '2020-01-06', NULL, 'A', 'active', '2020-08-11 13:34:49', 'Admin', 'CCM', '123', 'ful', 'no subcounty', 'no parish', 'no village', 'no nation'),
('PTC/J20/DBT/05', 'Wabendo', '', 'Ronald', NULL, NULL, NULL, NULL, NULL, 1, NULL, NULL, NULL, NULL, NULL, 'O Level', '2020-01-06', NULL, 'A', 'active', '2020-08-11 13:08:56', 'Admin', 'DBT', '123', 'ful', 'no subcounty', 'no parish', 'no village', 'no nation'),
('PTC/J20/CCM/01', 'Onono', 'William', 'ABU', 'mr', NULL, 'M', '1', NULL, 1, NULL, NULL, NULL, NULL, NULL, 'O Level', '2020-01-06', NULL, 'A', 'active', '2020-08-11 13:11:12', 'Admin', 'CCM', '123', 'ful', 'no subcounty', 'no parish', 'no village', 'no nation'),
('PTC/J20/CCM/03', 'Abura', '', 'James', 'mr', NULL, 'M', '1', NULL, 1, NULL, NULL, NULL, NULL, NULL, 'O Level', '2020-01-06', NULL, 'A', 'active', '2020-08-11 13:11:52', 'Admin', 'CCM', '123', 'ful', 'no subcounty', 'no parish', 'no village', 'no nation'),
('PTC/J20/CCM/04', 'IRIGEI', '', 'BEN', 'Mr', NULL, 'M', 'M', NULL, 1, NULL, NULL, NULL, NULL, NULL, 'O Level', '2020-01-06', NULL, 'A', 'active', '2020-08-11 13:00:37', 'Admin', 'CCM', '123', 'ful', 'no subcounty', 'no parish', 'no village', 'no nation'),
('PTC/J20/CCM/05', 'Aatu', '', 'Benjamin', 'mr', NULL, 'M', NULL, NULL, 1, NULL, NULL, NULL, NULL, NULL, 'O Level', '2020-01-06', NULL, 'A', 'active', '2020-08-11 13:33:28', 'Admin', 'CCM', '123', 'ful', 'no subcounty', 'no parish', 'no village', 'no nation'),
('PTC/J20/DBT/06', 'Ocung', 'James', 'Peter', 'MR', NULL, 'M', NULL, NULL, 1, NULL, NULL, NULL, NULL, NULL, 'O Level', '2020-01-06', NULL, 'A', 'active', '2020-08-11 13:45:01', 'Admin', 'DBT', '123', 'ful', 'no subcounty', 'no parish', 'no village', 'no nation'),
('PTC/J20/CCM/06', 'Enou', '', 'Homas', 'MR', NULL, 'M', NULL, NULL, 1, NULL, NULL, NULL, NULL, NULL, 'O Level', '2020-01-06', NULL, 'A', 'active', '2020-08-11 13:39:02', 'Admin', 'CCM', '123', 'ful', 'no subcounty', 'no parish', 'no village', 'no nation'),
('PTC/J20/CCM/07', 'Okello', '', 'Moses', 'mr', NULL, 'M', NULL, NULL, 1, NULL, NULL, NULL, NULL, NULL, 'O Level', '2020-01-06', NULL, 'A', 'active', '2020-08-11 13:39:44', 'Admin', 'CCM', '123', 'ful', 'no subcounty', 'no parish', 'no village', 'no nation'),
('PTC/J20/CCM/09', 'Malinga', '', 'Daniel', 'mr', NULL, 'M', NULL, NULL, 1, NULL, NULL, NULL, NULL, NULL, 'O Level', '2020-01-06', NULL, 'A', 'active', '2020-08-11 13:41:03', 'Admin', 'CCM', '123', 'ful', 'no subcounty', 'no parish', 'no village', 'no nation'),
('PTC/J20/CCM/10', 'Elasu', '', 'Emmanuel', 'MR', NULL, 'M', NULL, NULL, 1, NULL, NULL, NULL, NULL, NULL, 'O Level', '2020-01-06', NULL, 'A', 'active', '2020-08-11 13:41:52', 'Admin', 'CCM', '123', 'ful', 'no subcounty', 'no parish', 'no village', 'no nation'),
('PTC/J20/DBT/11', 'Edeu', '', 'Emmanuel', 'MR', NULL, 'M', NULL, NULL, 1, NULL, NULL, NULL, NULL, NULL, 'O Level', '2020-01-06', NULL, 'A', 'active', '2020-08-11 13:51:47', 'Admin', 'DBT', '123', 'ful', 'no subcounty', 'no parish', 'no village', 'no nation'),
('PTC/J20/DBT/07', 'Egolu', '', 'Tom', 'MR', NULL, 'M', NULL, NULL, 1, NULL, NULL, NULL, NULL, NULL, 'O Level', '2020-01-06', NULL, 'A', 'active', '2020-08-11 13:46:04', 'Admin', 'DBT', '123', 'ful', 'no subcounty', 'no parish', 'no village', 'no nation'),
('PTC/J20/DBT/08', 'Odeke', '', 'Jackson', 'mr', NULL, 'M', NULL, NULL, 1, NULL, NULL, NULL, NULL, NULL, 'O Level', '2020-01-06', NULL, 'A', 'active', '2020-08-11 13:47:00', 'Admin', 'DBT', '123', 'ful', 'no subcounty', 'no parish', 'no village', 'no nation'),
('PTC/J20/DBT/09', 'Okalany', '', 'Patrick', NULL, NULL, 'M', NULL, NULL, 1, NULL, NULL, NULL, NULL, NULL, 'O Level', '2020-01-06', NULL, 'A', 'active', '2020-08-11 13:48:03', 'Admin', 'DBT', '123', 'ful', 'no subcounty', 'no parish', 'no village', 'no nation'),
('PTC/J20DBT/10', 'Okedi', 'Julius', 'Jairus', 'MR', NULL, 'M', NULL, NULL, 1, NULL, NULL, NULL, NULL, NULL, 'O Level', '2020-01-06', NULL, 'A', 'active', '2020-08-11 13:50:31', 'Admin', 'DBT', '123', 'ful', 'no subcounty', 'no parish', 'no village', 'no nation'),
('PTC/J20/DBT/15', 'Adepo', '', 'James', 'mr', NULL, NULL, NULL, NULL, 1, NULL, NULL, NULL, NULL, NULL, 'O Level', '2020-01-06', NULL, 'A', 'active', '2020-08-11 13:58:32', 'Admin', 'DBT', '123', 'ful', 'no subcounty', 'no parish', 'no village', 'no nation'),
('PTC/J20/DBT/12', 'Ekwilu', 'John', 'Stanley', 'mr', NULL, 'M', NULL, NULL, 1, NULL, NULL, NULL, NULL, NULL, 'O Level', '2020-01-06', NULL, 'A', 'active', '2020-08-11 13:54:38', 'Admin', 'DBT', '123', 'ful', 'no subcounty', 'no parish', 'no village', 'no nation'),
('PTC/J20/DBT/13', 'Opolot', '', 'Simon', NULL, NULL, 'M', NULL, NULL, 1, NULL, NULL, NULL, NULL, NULL, 'O Level', '2020-01-06', NULL, 'A', 'active', '2020-08-11 13:55:33', 'Admin', 'DBT', '123', 'ful', 'no subcounty', 'no parish', 'no village', 'no nation'),
('PTC/J20/DBT/14', 'Aduwo', '', 'Margaret', 'Mrs.', NULL, 'F', NULL, NULL, 1, NULL, NULL, NULL, NULL, NULL, 'O Level', '2020-01-06', NULL, 'A', 'active', '2020-08-11 13:56:21', 'Admin', 'DBT', '123', 'ful', 'no subcounty', 'no parish', 'no village', 'no nation'),
('00000010001', 'Ogulei', '', 'Richard', NULL, NULL, NULL, NULL, NULL, 1, NULL, NULL, NULL, NULL, NULL, 'O Level', NULL, NULL, 'A', NULL, '2020-08-25 12:04:12', 'Admin', 'Null', '123', 'ful', 'no subcounty', 'no parish', 'no village', 'no nation'),
('PTC/J19/DBT/11', 'Obote', '', 'Moses', 'mr', NULL, NULL, NULL, NULL, 1, NULL, NULL, NULL, NULL, NULL, 'O Level', '2019-01-07', NULL, 'A', 'active', '2020-08-25 12:22:12', 'Admin', 'DBT', '123', 'ful', 'no subcounty', 'no parish', 'no village', 'no nation'),
('PTC/J19/DBT/01', 'Ogulei', '', 'Richard', NULL, NULL, NULL, NULL, NULL, 1, NULL, NULL, NULL, NULL, NULL, 'O Level', '2019-01-07', NULL, 'A', 'active', '2020-08-25 12:04:58', 'Admin', 'DBT', '123', 'ful', 'no subcounty', 'no parish', 'no village', 'no nation'),
('PTC/J19/DBT/02', 'Anoku', '', 'Simon', 'Mr', NULL, NULL, NULL, NULL, 1, NULL, NULL, NULL, NULL, NULL, 'O Level', '2019-01-07', NULL, 'A', 'active', '2020-08-25 12:13:59', 'Admin', 'DBT', '123', 'ful', 'no subcounty', 'no parish', 'no village', 'no nation'),
('PTC/J19/DBT/03', 'Opolot', '', 'Ismail', 'mr', NULL, NULL, NULL, NULL, 1, NULL, NULL, NULL, NULL, NULL, 'O Level', '2019-01-07', NULL, 'A', 'active', '2020-08-25 12:14:46', 'Admin', 'DBT', '123', 'ful', 'no subcounty', 'no parish', 'no village', 'no nation'),
('PTC/J19/DBT/04', 'Emiedu', '', 'Daniel', 'mr', NULL, NULL, NULL, NULL, 1, NULL, NULL, NULL, NULL, NULL, 'O Level', '2019-01-07', NULL, 'A', 'active', '2020-08-25 12:15:52', 'Admin', 'DBT', '123', 'ful', 'no subcounty', 'no parish', 'no village', 'no nation'),
('PTC/J19/DBT/06', 'Obila', 'Simon', 'Peter', 'mr', NULL, NULL, NULL, NULL, 1, NULL, NULL, NULL, NULL, NULL, 'O Level', '2019-01-07', NULL, 'A', 'active', '2020-08-25 12:16:47', 'Admin', 'DBT', '123', 'ful', 'no subcounty', 'no parish', 'no village', 'no nation'),
('PTC/J19/DBT/05', 'Apedu', '', 'Joseph', 'mr', NULL, NULL, NULL, NULL, 1, NULL, NULL, NULL, NULL, NULL, 'O Level', '2019-01-07', NULL, 'A', 'active', '2020-08-25 12:17:57', 'Admin', 'DBT', '123', 'ful', 'no subcounty', 'no parish', 'no village', 'no nation'),
('PTC/J19/DBT/09', 'Amenyo', '', 'Hellen', 'mr', NULL, NULL, NULL, NULL, 1, NULL, NULL, NULL, NULL, NULL, 'O Level', '2019-01-07', NULL, 'A', 'active', '2020-08-25 12:20:59', 'Admin', 'DBT', '123', 'ful', 'no subcounty', 'no parish', 'no village', 'no nation'),
('PTC/J19/DBT/15', 'Egabu', 'John', 'Ben', 'mr', NULL, NULL, NULL, NULL, 1, NULL, NULL, NULL, NULL, NULL, 'O Level', '2019-01-07', NULL, 'A', 'active', '2020-08-25 12:25:57', 'Admin', 'DBT', '123', 'ful', 'no subcounty', 'no parish', 'no village', 'no nation'),
('PTC/J19/DBT/13', 'Eliacu', '', 'Robert', 'mr', NULL, NULL, NULL, NULL, 1, NULL, NULL, NULL, NULL, NULL, 'O Level', '2019-01-07', NULL, 'A', 'active', '2020-08-25 12:23:24', 'Admin', 'DBT', '123', 'ful', 'no subcounty', 'no parish', 'no village', 'no nation'),
('PTC/J19/DBT/12', 'Ebitu', '', 'Isaac', 'mr', NULL, NULL, NULL, NULL, 1, NULL, NULL, NULL, NULL, NULL, 'O Level', '2019-01-07', NULL, 'A', 'active', '2020-08-25 12:24:06', 'Admin', 'DBT', '123', 'ful', 'no subcounty', 'no parish', 'no village', 'no nation'),
('PTC/J19/DBT/14', 'Oriokot', '', 'Stephen', 'mr', NULL, NULL, NULL, NULL, 1, NULL, NULL, NULL, NULL, NULL, 'O Level', '2019-01-07', NULL, 'A', 'active', '2020-08-25 12:24:54', 'Admin', 'DBT', '123', 'ful', 'no subcounty', 'no parish', 'no village', 'no nation'),
('PTC/A19/DBT/01', 'Erau', 'Isaac', 'Isaiah', 'mr', NULL, 'M', 'M', NULL, 1, NULL, NULL, NULL, NULL, NULL, 'O Level', '2019-08-05', NULL, 'A', 'active', '2020-09-07 12:43:34', 'Admin', 'DBT', '123', 'ful', 'no subcounty', 'no parish', 'no village', 'no nation'),
('PTC/J19/DBT/08', 'Giduno', '', 'Moses', 'mr', NULL, NULL, NULL, NULL, 1, NULL, NULL, NULL, NULL, NULL, 'O Level', '2019-01-07', NULL, 'A', 'active', '2020-08-25 12:27:29', 'Admin', 'DBT', '123', 'ful', 'no subcounty', 'no parish', 'no village', 'no nation'),
('PTC/J19/DBT/10', 'Amuge', '', 'Dinah', 'miss', NULL, NULL, NULL, NULL, 1, NULL, NULL, NULL, NULL, NULL, 'O Level', '2019-01-07', NULL, 'A', 'active', '2020-08-25 12:28:11', 'Admin', 'DBT', '123', 'ful', 'no subcounty', 'no parish', 'no village', 'no nation'),
('PTC/J19/DBT/16', 'Opasi', '', 'Daniel', 'mr', NULL, NULL, NULL, NULL, 1, NULL, NULL, NULL, NULL, NULL, 'O Level', '2019-01-07', NULL, 'A', 'active', '2020-08-25 12:28:57', 'Admin', 'DBT', '123', 'ful', 'no subcounty', 'no parish', 'no village', 'no nation'),
('PTC/J19/DBT/17', 'Menya', 'Geofrey', 'JOE', 'mr', NULL, NULL, NULL, NULL, 1, NULL, NULL, NULL, NULL, NULL, 'O Level', '2019-01-07', NULL, 'A', 'active', '2020-08-25 12:30:40', 'Admin', 'DBT', '123', 'ful', 'no subcounty', 'no parish', 'no village', 'no nation'),
('PTC/J19/CCM/01', 'Egonu', '', 'Moses', 'mr', NULL, NULL, NULL, NULL, 1, NULL, NULL, NULL, NULL, NULL, 'O Level', '2019-01-07', NULL, 'A', 'active', '2020-08-25 12:31:30', 'Admin', 'CCM', '123', 'ful', 'no subcounty', 'no parish', 'no village', 'no nation'),
('PTC/J19/CCM/02', 'Aduwo', '', 'Margaret', 'mrs', NULL, NULL, NULL, NULL, 1, NULL, NULL, NULL, NULL, NULL, 'O Level', '2019-01-07', NULL, 'A', 'active', '2020-08-25 12:33:16', 'Admin', 'CCM', '123', 'ful', 'no subcounty', 'no parish', 'no village', 'no nation'),
('PTC/J19/CCM/03', 'Wabwire', '', 'Kerementi', 'mr', NULL, NULL, NULL, NULL, 1, NULL, NULL, NULL, NULL, NULL, 'O Level', '2019-01-07', NULL, 'A', 'active', '2020-08-25 12:34:23', 'Admin', 'CCM', '123', 'ful', 'no subcounty', 'no parish', 'no village', 'no nation'),
('PTC/A19/DBT/05', 'Tulyahikayo', '', 'Israel', 'mr', NULL, 'M', '1', NULL, 1, NULL, NULL, NULL, NULL, NULL, 'O Level', '2019-08-05', NULL, 'A', 'active', '2020-09-07 12:48:43', 'Admin', 'DBT', '123', 'ful', 'no subcounty', 'no parish', 'no village', 'no nation'),
('PTC/A19/DBT/02', 'Madaya', '', 'Jane', 'miss', NULL, 'F', NULL, NULL, 1, NULL, NULL, NULL, NULL, NULL, 'O Level', '2019-08-05', NULL, 'A', 'active', '2020-09-07 12:44:32', 'Admin', 'DBT', '123', 'ful', 'no subcounty', 'no parish', 'no village', 'no nation'),
('PTC/A19/DBT/03', 'Nasambi', '', 'Herbert', 'mr', NULL, 'M', '1', NULL, 1, NULL, NULL, NULL, NULL, NULL, 'O Level', '2019-08-05', NULL, 'A', 'active', '2020-09-07 12:47:17', 'Admin', 'DBT', '123', 'ful', 'no subcounty', 'no parish', 'no village', 'no nation'),
('00000010002', 'Lokine', '', 'Michael', 'mr', NULL, 'M', NULL, NULL, 1, NULL, NULL, NULL, NULL, NULL, 'O Level', NULL, NULL, 'A', NULL, '2020-09-07 12:54:21', 'Admin', 'Null', '123', 'ful', 'no subcounty', 'no parish', 'no village', 'no nation'),
('PTC/A19/DBT/06', 'Kissa', '', 'Benard', 'mr', NULL, 'M', 'M', NULL, 1, NULL, NULL, NULL, NULL, NULL, 'O Level', '2019-08-05', NULL, 'A', 'active', '2020-09-07 12:49:35', 'Admin', 'DBT', '123', 'ful', 'no subcounty', 'no parish', 'no village', 'no nation'),
('PTC/A19/DBT/07', 'Eseu', '', 'Gabriel', 'mr', NULL, 'M', NULL, NULL, 1, NULL, NULL, NULL, NULL, NULL, 'O Level', '2019-08-05', NULL, 'A', 'active', '2020-09-07 12:50:36', 'Admin', 'DBT', '123', 'ful', 'no subcounty', 'no parish', 'no village', 'no nation'),
('PTC/A19/CCM/01', 'Masaba', '', 'Joel', 'mr', NULL, 'M', '1', NULL, 1, NULL, NULL, NULL, NULL, NULL, 'O Level', '2019-08-05', NULL, 'A', 'active', '2020-09-07 12:51:31', 'Admin', 'CCM', '123', 'ful', 'no subcounty', 'no parish', 'no village', 'no nation'),
('PTC/A19/CCM/02', 'Oyango', '', 'Morris', 'mr', NULL, 'M', 'M', NULL, 1, NULL, NULL, NULL, NULL, NULL, 'O Level', '2019-08-05', NULL, 'A', 'active', '2020-09-07 12:52:52', 'Admin', 'CCM', '123', 'ful', 'no subcounty', 'no parish', 'no village', 'no nation'),
('PTC/A19/CCM/03', 'Wobweni', '', 'Denis', 'mr', NULL, 'M', 'M', NULL, 1, NULL, NULL, NULL, NULL, NULL, 'O Level', '2019-08-05', NULL, 'A', 'active', '2020-09-07 12:53:31', 'Admin', 'CCM', '123', 'ful', 'no subcounty', 'no parish', 'no village', 'no nation'),
('PTC/M19/CCM/06', 'Akaki', '', 'Fred', 'mr', NULL, 'M', 'M', NULL, 1, NULL, NULL, NULL, NULL, NULL, 'O Level', '2019-05-06', NULL, 'A', 'active', '2020-09-07 13:13:53', 'Admin', 'CCM', '123', 'ful', 'no subcounty', 'no parish', 'no village', 'no nation'),
('PTC/M19/DBT/08', 'Arus', '', 'Stephen', 'mr', NULL, 'M', 'M', NULL, 1, NULL, NULL, NULL, NULL, NULL, 'O Level', '2019-05-06', NULL, 'A', 'active', '2020-09-07 12:59:43', 'Admin', 'DBT', '123', 'ful', 'no subcounty', 'no parish', 'no village', 'no nation'),
('PTC/A19/CCM/05', 'Lokine', '', 'Michael', 'mr', NULL, 'M', '1', NULL, 1, NULL, NULL, NULL, NULL, NULL, 'O Level', '2019-08-05', NULL, 'A', 'active', '2020-09-07 13:07:48', 'Admin', 'CCM', '123', 'ful', 'no subcounty', 'no parish', 'no village', 'no nation'),
('PTC/M19/DBT/02', 'Odike', '', 'Justine', 'mr', NULL, 'M', 'M', NULL, 1, NULL, NULL, NULL, NULL, NULL, 'O Level', '2019-05-06', NULL, 'A', 'active', '2020-09-07 13:09:17', 'Admin', 'DBT', '123', 'ful', 'no subcounty', 'no parish', 'no village', 'no nation'),
('PTC/M19/CCM/04', 'Wambi', '', 'Joshua', 'mr', NULL, 'M', '1', NULL, 1, NULL, NULL, NULL, NULL, NULL, 'O Level', '2019-05-06', NULL, 'A', 'active', '2020-09-07 13:10:55', 'Admin', 'CCM', '123', 'ful', 'no subcounty', 'no parish', 'no village', 'no nation'),
('PTC/M19/CCM/05', 'Apio', '', 'Maurine', 'mrs', NULL, 'F', 'M', NULL, 1, NULL, NULL, NULL, NULL, NULL, 'O Level', '2019-05-06', NULL, 'A', 'active', '2020-09-07 13:11:47', 'Admin', 'CCM', '123', 'ful', 'no subcounty', 'no parish', 'no village', 'no nation'),
('PTC/M19/DBT/28', 'Nafuna', '', 'Annet', 'mrs', NULL, 'F', 'M', NULL, 1, NULL, NULL, NULL, NULL, NULL, 'O Level', '2019-05-06', NULL, 'A', 'active', '2020-09-07 13:35:02', 'Admin', 'DBT', '123', 'ful', 'no subcounty', 'no parish', 'no village', 'no nation'),
('PTC/M19/DBT/05', 'Okirima', '', 'Daniel', 'mr', NULL, 'M', 'M', NULL, 1, NULL, NULL, NULL, NULL, NULL, 'O Level', '2019-05-06', NULL, 'A', 'active', '2020-09-07 13:14:48', 'Admin', 'DBT', '123', 'ful', 'no subcounty', 'no parish', 'no village', 'no nation'),
('PTC/M19/DBT/09', 'Muwereza', '', 'Samson', 'mr', NULL, 'M', 'M', NULL, 1, NULL, NULL, NULL, NULL, NULL, 'O Level', '2019-05-06', NULL, 'A', 'active', '2020-09-07 13:16:17', 'Admin', 'DBT', '123', 'ful', 'no subcounty', 'no parish', 'no village', 'no nation'),
('PTC/M19/DBT/15', 'Ogojo-', '', 'Kupa', 'mr', NULL, 'M', 'M', NULL, 1, NULL, NULL, NULL, NULL, NULL, 'O Level', '2019-05-06', NULL, 'A', 'active', '2020-09-07 13:17:23', 'Admin', 'DBT', '123', 'ful', 'no subcounty', 'no parish', 'no village', 'no nation'),
('PTC/M19/DBT/16', 'Wabomba', 'Bernad', 'Mushikoma', 'mr', NULL, 'M', 'M', NULL, 1, NULL, NULL, NULL, NULL, NULL, 'O Level', '2019-05-06', NULL, 'A', 'active', '2020-09-07 13:19:17', 'Admin', 'DBT', '123', 'ful', 'no subcounty', 'no parish', 'no village', 'no nation'),
('PTC/M19/DBT/17', 'Madoi', 'Micht', 'Julius', 'mr', NULL, 'M', 'M', NULL, 1, NULL, NULL, NULL, NULL, NULL, 'O Level', '2019-05-06', NULL, 'A', 'active', '2020-09-07 13:21:20', 'Admin', 'DBT', '123', 'ful', 'no subcounty', 'no parish', 'no village', 'no nation'),
('PTC/M19/DBT/23', 'Opeede', '', 'Francis', 'mr', NULL, 'M', '1', NULL, 1, NULL, NULL, NULL, NULL, NULL, 'O Level', '2019-05-06', NULL, 'A', 'active', '2020-09-07 13:22:34', 'Admin', 'DBT', '123', 'ful', 'no subcounty', 'no parish', 'no village', 'no nation'),
('PTC/M19/DBT/24', 'Oonyu', '', 'Emmanuel', 'mr', NULL, 'M', 'M', NULL, 1, NULL, NULL, NULL, NULL, NULL, 'O Level', '2019-05-06', NULL, 'A', 'active', '2020-09-07 13:23:58', 'Admin', 'DBT', '123', 'ful', 'no subcounty', 'no parish', 'no village', 'no nation'),
('PTC/M19/DBT/25', 'Opolot', '', 'Francis', 'mr', NULL, 'M', 'M', NULL, 1, NULL, NULL, NULL, NULL, NULL, 'O Level', '2019-05-06', NULL, 'A', 'active', '2020-09-07 13:24:58', 'Admin', 'DBT', '123', 'ful', 'no subcounty', 'no parish', 'no village', 'no nation'),
('PTC/M19/DBT/27', 'Watzemba', 'Rovanance', 'Robinah', 'mrs', NULL, 'F', 'M', NULL, 1, NULL, NULL, NULL, NULL, NULL, 'O Level', '2019-05-06', NULL, 'A', 'active', '2020-09-07 13:31:25', 'Admin', 'DBT', '123', 'ful', 'no subcounty', 'no parish', 'no village', 'no nation'),
('PTC/M19/DBT/26', 'Nangai', 'Nabukade', 'Phoebeth', 'mrs', NULL, 'M', 'M', NULL, 1, NULL, NULL, NULL, NULL, NULL, 'O Level', '2019-05-06', NULL, 'A', 'active', '2020-09-07 13:27:06', 'Admin', 'DBT', '123', 'ful', 'no subcounty', 'no parish', 'no village', 'no nation'),
('00000010003', 'Ogwal', '', 'Tonny', NULL, NULL, 'M', 'M', NULL, 1, NULL, NULL, NULL, NULL, NULL, 'O Level', NULL, NULL, 'A', NULL, '2020-09-07 13:42:25', 'Admin', 'Null', '123', 'ful', 'no subcounty', 'no parish', 'no village', 'no nation'),
('PTC/M19/DBT/30', 'Adong', 'Annet', 'Grace', 'mrs', NULL, 'F', 'M', NULL, 1, NULL, NULL, NULL, NULL, NULL, 'O Level', '2019-05-06', NULL, 'A', 'active', '2020-09-07 13:36:15', 'Admin', 'DBT', '123', 'ful', 'no subcounty', 'no parish', 'no village', 'no nation'),
('PTC/J19/DBT/07', 'Ebwongu', '', 'Richard', 'mr', NULL, NULL, NULL, NULL, 1, NULL, NULL, NULL, NULL, NULL, 'O Level', '2019-01-07', NULL, 'A', 'active', '2020-08-25 12:18:46', 'Admin', 'DBT', '123', 'ful', 'no subcounty', 'no parish', 'no village', 'no nation'),
('PTC/M19/DBT/33', 'Abuchang', '', 'David', 'mr', NULL, 'M', 'M', NULL, 1, NULL, NULL, NULL, NULL, NULL, 'O Level', '2019-05-06', NULL, 'A', 'active', '2020-09-07 13:41:24', 'Admin', 'DBT', '123', 'ful', 'no subcounty', 'no parish', 'no village', 'no nation'),
('PTC/M19/DBT/35', 'Okullo', '', 'Geoffrey', 'mr', NULL, 'M', 'M', NULL, 1, NULL, NULL, NULL, NULL, NULL, 'O Level', '2019-05-06', NULL, 'A', 'active', '2020-09-07 13:45:10', 'Admin', 'DBT', '123', 'ful', 'no subcounty', 'no parish', 'no village', 'no nation'),
('PTC/M19/DBT/31', 'Erigu', '', 'Samuel', 'mr', NULL, 'M', 'M', NULL, 1, NULL, NULL, NULL, NULL, NULL, 'O Level', '2019-05-06', NULL, 'A', 'active', '2020-09-07 13:50:27', 'Admin', 'DBT', '123', 'ful', 'no subcounty', 'no parish', 'no village', 'no nation'),
('PTC/M19/DBT/32', 'Omoding', 'John', 'Patrick', 'mr', NULL, 'M', 'M', NULL, 1, NULL, NULL, NULL, NULL, NULL, 'O Level', '2019-05-06', NULL, 'A', 'active', '2020-09-07 13:52:55', 'Admin', 'DBT', '123', 'ful', 'no subcounty', 'no parish', 'no village', 'no nation'),
('PTC/J19/CIT/02', 'Ocung', 'Emeu', 'Abel', 'mr', NULL, 'M', NULL, NULL, 1, NULL, NULL, NULL, NULL, NULL, 'O Level', '2019-01-07', NULL, 'A', 'active', '2020-09-21 12:45:15', 'Admin', 'ICT', '123', 'ful', 'no subcounty', 'no parish', 'no village', 'no nation'),
('PTC/J19/ICT/01', 'Murashi', '', 'Benon', 'mr', NULL, 'M', 'M', NULL, 1, NULL, NULL, NULL, NULL, NULL, 'O Level', '2019-01-07', NULL, 'A', 'Graduates', '2020-09-21 12:40:02', 'Admin', 'Null', '123', 'ful', 'no subcounty', 'no parish', 'no village', 'no nation'),
('PTC/J19/CIT', 'Murashi', '', 'Benon 1', 'mr', NULL, 'M', NULL, NULL, 1, NULL, NULL, NULL, NULL, NULL, 'O Level', '2019-01-07', NULL, 'A', 'active', '2020-09-21 12:57:58', 'Admin', 'ICT', '123', 'ful', 'no subcounty', 'no parish', 'no village', 'no nation'),
('00000010004', 'Murashi', '', 'Benon1', 'mr', NULL, 'M', NULL, NULL, 1, NULL, NULL, NULL, NULL, NULL, 'O Level', NULL, NULL, 'A', NULL, '2020-09-21 13:00:14', 'Admin', 'Null', '123', 'ful', 'no subcounty', 'no parish', 'no village', 'no nation'),
('PTC/A2020/01', 'wan', 'wawa', 'roni', 'Mr', '1992-10-02', 'Male', 'Single', 0, 1, 'null', 'null', 'sdds', '', '', 'O Level', '2020-08-06', 'o', 'true', 'active', '2020-11-07 14:01:38', 'Admin', 'CIT', '', 'ful', 'no subcounty', 'no parish', 'no village', 'no nation'),
('PTC/A2020/02', 'Omondi', '', 'Elvis', 'Mr', '1992-11-01', 'Male', 'Married', 3, 1, '', '', '0753334637', '', 'wanzilro@gmail.com', 'O Level', '2020-08-06', 'direct', 'false', 'PROSPECT', '2020-11-07 13:52:44', 'Admin', 'CIT', '', 'ful', 'no subcounty', 'no parish', 'no village', 'no nation'),
('PTC/A2020/03', 'DANIEL', '', 'oNANYANG', 'Mr', '1992-11-03', 'Male', 'Married', 3, 1, '', '', '0753334637', '', 'SS', 'O Level', '2020-08-06', 'direct', NULL, 'PROSPECT', '2020-11-09 07:46:23', 'Admin', 'CIT', '', 'ful', 'no subcounty', 'no parish', 'no village', 'no nation'),
('PTC/A2020/04', 'eMMAA', 'undefined', 'OWANGE', 'Mrs', '1992-12-02', 'Male', 'Married', 3, 1, '', '', '0753334637', '998766544', 'SS', 'O Level', '2020-08-05', 'undefined', NULL, 'PROSPECT', '2020-11-09 07:46:23', 'Admin', 'CIT', '', 'ful', 'no subcounty', 'no parish', 'no village', 'no nation'),
('PTC/A2020/05', 'Saul', NULL, 'John', NULL, NULL, NULL, NULL, NULL, 1, NULL, NULL, NULL, NULL, NULL, 'O Level', NULL, NULL, NULL, 'active', '2020-11-28 02:55:35', 'Admin', 'CIT', '123', 'ful', 'no subcounty', 'no parish', 'no village', 'no nation'),
('PTC/A2020/10', 'wqwq', NULL, 'ooooooE', 'Mr', '1992-12-02', 'Male', 'Married', 3, 1, '', '', '0753334637', '998766544', 'SS', 'O Level', NULL, NULL, NULL, 'PROSPECT', '2020-12-03 07:05:43', 'Admin', 'CIT', '', 'ful', 'no subcounty', 'no parish', 'no village', 'no nation'),
('2020/PTC/CIT02', 'bEN', '', 'Omutogi', 'Mr.', '1980-03-03', 'M', 'maried', 3, 1, 'Soroti', 'bukasach', '0232332', '0', 'wew@gmae', 'O Level', '2020-08-06', 'direct', NULL, 'active', '2020-12-10 07:13:52', 'admin', 'CIt', '2020/PTC/CIT02', 'ful', 'no subcounty', 'no parish', 'no village', 'no nation'),
('2020/PTC/CIT03', 'Oonyu', '', 'emmauel', 'Mr', '1980-03-03', 'M', 'Maried', 2, 1, 'soroti', 'sdaa', '0', '0', 'emailAddress', 'O Level', '2020-08-06', 'direct', NULL, 'activ', '2020-12-10 07:53:02', 'Admin', 'CIt', '2020/PTC/CIT03', 'ful', 'ada', 'adad', 'village', 'uganda'),
('sssd', 'sss2', 'ss3', 'ss4', NULL, '0000-00-00', 'noVal', NULL, NULL, 1, 'no district', 'null', NULL, NULL, NULL, 'O Level', NULL, NULL, NULL, NULL, '2021-03-29 20:24:33', 'Admin', 'Null', '123', 'ful', 'no subcounty', 'no parish', 'no village', 'no nation'),
('sss1', 'sss2', 'ss3', 'ss4', NULL, '0000-00-00', 'noVal', NULL, NULL, 1, 'no district', 'null', NULL, NULL, NULL, 'O Level', NULL, NULL, NULL, NULL, '2021-03-29 20:26:42', 'Admin', 'Null', '123', 'ful', 'no subcounty', 'no parish', 'no village', 'no nation'),
('req.body.studentId', 'sss2', 'ss3', 'ss4', NULL, '0000-00-00', 'noVal', NULL, NULL, 1, 'no district', 'null', NULL, NULL, NULL, 'O Level', NULL, NULL, NULL, NULL, '2021-03-29 20:28:45', 'Admin', 'Null', '123', 'ful', 'no subcounty', 'no parish', 'no village', 'no nation'),
('wwww', 'Kanyerere', NULL, NULL, NULL, '0000-00-00', 'noVal', NULL, NULL, 1, 'no district', 'null', NULL, NULL, NULL, 'O Level', NULL, NULL, NULL, NULL, '2021-04-02 10:18:13', 'Admin', 'Null', '123', 'ful', 'no subcounty', 'no parish', 'no village', 'no nation'),
('asassa', 'asas', 'asas', 'asas', 'asas', '2021-02-04', 'aasa', 'asas', NULL, 1, 'asas', 'asas', '1212', '1212', 'sasas', 'asa', '2021-02-04', NULL, NULL, 'asaa', '2021-04-02 17:50:16', 'Admin', 'aasa', '123', 'assa', 'asas', 'asas', 'asas', 'asas'),
('ptc/M2020/cit01', 'sdsds', 'dsds', 'sdsdds', 'Mr.', '2021-06-02', 'Male', 'Married', NULL, 1, '', 'sddsd', 'sdsd', '', '', 'O Level', '2020-05-06', NULL, NULL, 'active', '2021-07-09 09:19:07', 'Admin', 'CIT', '123', 'ful', '', '', '', '');

-- --------------------------------------------------------

--
-- Table structure for table `studyprogrammes`
--

DROP TABLE IF EXISTS `studyprogrammes`;
CREATE TABLE IF NOT EXISTS `studyprogrammes` (
  `studyprogramme` varchar(3) NOT NULL,
  `studyprogrammeName` varchar(30) DEFAULT NULL,
  PRIMARY KEY (`studyprogramme`)
) ENGINE=MyISAM DEFAULT CHARSET=latin1;

--
-- Dumping data for table `studyprogrammes`
--

INSERT INTO `studyprogrammes` (`studyprogramme`, `studyprogrammeName`) VALUES
('ful', 'Fulltime'),
('mod', 'Modular'),
('onl', 'Online');
COMMIT;

/*!40101 SET CHARACTER_SET_CLIENT=@OLD_CHARACTER_SET_CLIENT */;
/*!40101 SET CHARACTER_SET_RESULTS=@OLD_CHARACTER_SET_RESULTS */;
/*!40101 SET COLLATION_CONNECTION=@OLD_COLLATION_CONNECTION */;
